-- phpMyAdmin SQL Dump
-- version 5.2.1
-- https://www.phpmyadmin.net/
--
-- Host: 127.0.0.1
-- Tempo de geração: 30/09/2024 às 21:48
-- Versão do servidor: 10.4.32-MariaDB
-- Versão do PHP: 8.1.25

SET SQL_MODE = "NO_AUTO_VALUE_ON_ZERO";
START TRANSACTION;
SET time_zone = "+00:00";


/*!40101 SET @OLD_CHARACTER_SET_CLIENT=@@CHARACTER_SET_CLIENT */;
/*!40101 SET @OLD_CHARACTER_SET_RESULTS=@@CHARACTER_SET_RESULTS */;
/*!40101 SET @OLD_COLLATION_CONNECTION=@@COLLATION_CONNECTION */;
/*!40101 SET NAMES utf8mb4 */;

--
-- Banco de dados: `sis_frequencia_estagio`
--

-- --------------------------------------------------------

--
-- Estrutura para tabela `aluno`
--

CREATE TABLE `aluno` (
  `id_aluno` int(11) NOT NULL,
  `nome_aluno` varchar(255) NOT NULL,
  `matricula_aluno` varchar(20) NOT NULL,
  `telefone_aluno` varchar(20) NOT NULL,
  `cod_curso` int(11) NOT NULL,
  `nome_curso` varchar(50) NOT NULL,
  `periodo_letivo` varchar(10) NOT NULL,
  `email_aluno` varchar(255) NOT NULL,
  `turma` varchar(11) NOT NULL,
  `turno` varchar(20) DEFAULT NULL,
  `status_estagio` int(11) NOT NULL,
  `horas_necessarias` int(11) NOT NULL,
  `criado_em` datetime NOT NULL,
  `criado_por` varchar(255) NOT NULL,
  `editado_em` datetime NOT NULL,
  `editado_por` varchar(255) NOT NULL,
  `id_setor` int(11) DEFAULT NULL
) ENGINE=InnoDB DEFAULT CHARSET=utf8mb4 COLLATE=utf8mb4_general_ci;

--
-- Despejando dados para a tabela `aluno`
--

INSERT INTO `aluno` (`id_aluno`, `nome_aluno`, `matricula_aluno`, `telefone_aluno`, `cod_curso`, `nome_curso`, `periodo_letivo`, `email_aluno`, `turma`, `turno`, `status_estagio`, `horas_necessarias`, `criado_em`, `criado_por`, `editado_em`, `editado_por`, `id_setor`) VALUES
(17, 'DARIO HUGO BALBINO DA CRUZ', '2016105444', 'Não cadastrado', 1016, 'MEDICINA VETERINÁRIA', '20242', 'dariohugo0897@gmail.com', 'VET108-10', NULL, 0, 480, '2024-09-25 15:21:12', '2016105444', '2024-09-25 15:21:12', '2016105444', 3),
(20, 'NAYANA SIMIÃO FIGUEIREDO', '2013102295', '88996942126', 1016, 'MEDICINA VETERINÁRIA', '20242', 'NAYANA_S.FIGUEIREDO@HOTMAIL.COM', 'VET108-10', NULL, 0, 480, '2024-09-26 15:54:15', '2013102295', '2024-09-26 15:54:15', '2013102295', 2),
(21, 'LÚCIA MARIA LINHARES DE ARAUJO', '2020119164', '87991658010', 1016, 'MEDICINA VETERINÁRIA', '20242', 'LUCIA.IFSERTAO@GMAIL.COM', 'VET304-10', NULL, 0, 480, '2024-09-26 16:02:01', '2020119164', '2024-09-26 16:02:01', '2020119164', 3),
(22, 'BIANCA MARANATHÁ SANTOS ROLIM', '2020119445', '88998065418', 1016, 'MEDICINA VETERINÁRIA', '20242', 'BIANCA2002MARANATHA@GMAIL.COM', 'VET108-10', NULL, 0, 480, '2024-09-26 16:02:10', '2020119445', '2024-09-26 16:02:10', '2020119445', 2);

-- --------------------------------------------------------

--
-- Estrutura para tabela `coordenador`
--

CREATE TABLE `coordenador` (
  `id_coordenador` int(11) NOT NULL,
  `nome_coordenador` varchar(255) NOT NULL,
  `matricula_coordenador` varchar(20) NOT NULL,
  `nome_curso` varchar(50) NOT NULL,
  `cod_curso` int(11) NOT NULL,
  `criado_em` datetime NOT NULL,
  `criado_por` varchar(255) NOT NULL,
  `editado_em` datetime NOT NULL,
  `editado_por` varchar(255) NOT NULL
) ENGINE=InnoDB DEFAULT CHARSET=utf8mb4 COLLATE=utf8mb4_general_ci;

-- --------------------------------------------------------

--
-- Estrutura para tabela `registro_frequencia`
--

CREATE TABLE `registro_frequencia` (
  `id_registro` int(11) NOT NULL,
  `status_registro` int(11) NOT NULL,
  `data_referencia` date NOT NULL,
  `aprovado_por` varchar(255) DEFAULT NULL,
  `entrada_1` datetime DEFAULT NULL,
  `intervalo` datetime DEFAULT NULL,
  `volta_intervalo` datetime DEFAULT NULL,
  `saida_1` datetime DEFAULT NULL,
  `entrada_2` datetime DEFAULT NULL,
  `saida_2` datetime DEFAULT NULL,
  `criado_em` datetime NOT NULL,
  `criado_por` varchar(255) NOT NULL,
  `editado_em` datetime NOT NULL,
  `editado_por` varchar(255) NOT NULL,
  `id_aluno` int(11) NOT NULL,
  `id_setor` int(11) NOT NULL
) ENGINE=InnoDB DEFAULT CHARSET=utf8mb4 COLLATE=utf8mb4_general_ci;

--
-- Despejando dados para a tabela `registro_frequencia`
--

INSERT INTO `registro_frequencia` (`id_registro`, `status_registro`, `data_referencia`, `aprovado_por`, `entrada_1`, `intervalo`, `volta_intervalo`, `saida_1`, `entrada_2`, `saida_2`, `criado_em`, `criado_por`, `editado_em`, `editado_por`, `id_aluno`, `id_setor`) VALUES
(201, 1, '2024-08-05', NULL, '2024-08-05 08:00:00', '2024-08-05 10:00:00', '2024-08-05 10:30:00', '2024-08-05 12:30:00', '2024-08-05 18:00:00', '2024-08-05 20:00:00', '2024-09-30 15:06:39', 'usuario', '2024-09-30 15:06:39', 'usuario', 17, 1),
(202, 1, '2024-08-06', NULL, '2024-08-06 08:00:00', '2024-08-06 10:00:00', '2024-08-06 10:30:00', '2024-08-06 12:30:00', '2024-08-06 18:00:00', '2024-08-06 20:00:00', '2024-09-30 15:06:39', 'usuario', '2024-09-30 15:06:39', 'usuario', 17, 1),
(203, 1, '2024-08-07', NULL, '2024-08-07 08:00:00', '2024-08-07 10:00:00', '2024-08-07 10:30:00', '2024-08-07 12:30:00', '2024-08-07 18:00:00', '2024-08-07 20:00:00', '2024-09-30 15:06:39', 'usuario', '2024-09-30 15:06:39', 'usuario', 17, 1),
(204, 1, '2024-08-08', NULL, '2024-08-08 08:00:00', '2024-08-08 10:00:00', '2024-08-08 10:30:00', '2024-08-08 12:30:00', '2024-08-08 18:00:00', '2024-08-08 20:00:00', '2024-09-30 15:06:39', 'usuario', '2024-09-30 15:06:39', 'usuario', 17, 1),
(205, 1, '2024-08-09', NULL, '2024-08-09 08:00:00', '2024-08-09 10:00:00', '2024-08-09 10:30:00', '2024-08-09 12:30:00', '2024-08-09 18:00:00', '2024-08-09 20:00:00', '2024-09-30 15:06:39', 'usuario', '2024-09-30 15:06:39', 'usuario', 17, 1),
(206, 1, '2024-08-12', NULL, '2024-08-12 08:00:00', '2024-08-12 10:00:00', '2024-08-12 10:30:00', '2024-08-12 12:30:00', '2024-08-12 18:00:00', '2024-08-12 20:00:00', '2024-09-30 15:06:39', 'usuario', '2024-09-30 15:06:39', 'usuario', 17, 1),
(207, 1, '2024-08-13', NULL, '2024-08-13 08:00:00', '2024-08-13 10:00:00', '2024-08-13 10:30:00', '2024-08-13 12:30:00', '2024-08-13 18:00:00', '2024-08-13 20:00:00', '2024-09-30 15:06:39', 'usuario', '2024-09-30 15:06:39', 'usuario', 17, 1),
(208, 1, '2024-08-14', NULL, '2024-08-14 08:00:00', '2024-08-14 10:00:00', '2024-08-14 10:30:00', '2024-08-14 12:30:00', '2024-08-14 18:00:00', '2024-08-14 20:00:00', '2024-09-30 15:06:39', 'usuario', '2024-09-30 15:06:39', 'usuario', 17, 1),
(209, 1, '2024-08-15', NULL, '2024-08-15 08:00:00', '2024-08-15 10:00:00', '2024-08-15 10:30:00', '2024-08-15 12:30:00', '2024-08-15 18:00:00', '2024-08-15 20:00:00', '2024-09-30 15:06:39', 'usuario', '2024-09-30 15:06:39', 'usuario', 17, 1),
(210, 1, '2024-08-16', NULL, '2024-08-16 08:00:00', '2024-08-16 10:00:00', '2024-08-16 10:30:00', '2024-08-16 12:30:00', '2024-08-16 18:00:00', '2024-08-16 20:00:00', '2024-09-30 15:06:39', 'usuario', '2024-09-30 15:06:39', 'usuario', 17, 1),
(211, 1, '2024-08-19', NULL, '2024-08-19 08:00:00', '2024-08-19 10:00:00', '2024-08-19 10:30:00', '2024-08-19 12:30:00', '2024-08-19 18:00:00', '2024-08-19 20:00:00', '2024-09-30 15:06:39', 'usuario', '2024-09-30 15:06:39', 'usuario', 17, 1),
(212, 1, '2024-08-20', NULL, '2024-08-20 08:00:00', '2024-08-20 10:00:00', '2024-08-20 10:30:00', '2024-08-20 12:30:00', '2024-08-20 18:00:00', '2024-08-20 20:00:00', '2024-09-30 15:06:39', 'usuario', '2024-09-30 15:06:39', 'usuario', 17, 1),
(213, 1, '2024-08-21', NULL, '2024-08-21 08:00:00', '2024-08-21 10:00:00', '2024-08-21 10:30:00', '2024-08-21 12:30:00', '2024-08-21 18:00:00', '2024-08-21 20:00:00', '2024-09-30 15:06:39', 'usuario', '2024-09-30 15:06:39', 'usuario', 17, 1),
(214, 1, '2024-08-22', NULL, '2024-08-22 08:00:00', '2024-08-22 10:00:00', '2024-08-22 10:30:00', '2024-08-22 12:30:00', '2024-08-22 18:00:00', '2024-08-22 20:00:00', '2024-09-30 15:08:59', 'usuario', '2024-09-30 15:08:59', 'usuario', 17, 1),
(215, 1, '2024-08-23', NULL, '2024-08-23 08:00:00', '2024-08-23 10:00:00', '2024-08-23 10:30:00', '2024-08-23 12:30:00', '2024-08-23 18:00:00', '2024-08-23 20:00:00', '2024-09-30 15:08:59', 'usuario', '2024-09-30 15:08:59', 'usuario', 17, 1),
(216, 1, '2024-08-26', NULL, '2024-08-26 08:00:00', '2024-08-26 10:00:00', '2024-08-26 10:30:00', '2024-08-26 12:30:00', '2024-08-26 18:00:00', '2024-08-26 20:00:00', '2024-09-30 15:08:59', 'usuario', '2024-09-30 15:08:59', 'usuario', 17, 1),
(217, 1, '2024-08-27', NULL, '2024-08-27 08:00:00', '2024-08-27 10:00:00', '2024-08-27 10:30:00', '2024-08-27 12:30:00', '2024-08-27 18:00:00', '2024-08-27 20:00:00', '2024-09-30 15:08:59', 'usuario', '2024-09-30 15:08:59', 'usuario', 17, 1),
(218, 1, '2024-08-28', NULL, '2024-08-28 08:00:00', '2024-08-28 10:00:00', '2024-08-28 10:30:00', '2024-08-28 12:30:00', '2024-08-28 18:00:00', '2024-08-28 20:00:00', '2024-09-30 15:08:59', 'usuario', '2024-09-30 15:08:59', 'usuario', 17, 1),
(219, 1, '2024-08-29', NULL, '2024-08-29 08:00:00', '2024-08-29 10:00:00', '2024-08-29 10:30:00', '2024-08-29 12:30:00', '2024-08-29 18:00:00', '2024-08-29 20:00:00', '2024-09-30 15:08:59', 'usuario', '2024-09-30 15:08:59', 'usuario', 17, 1),
(220, 1, '2024-08-30', NULL, '2024-08-30 08:00:00', '2024-08-30 10:00:00', '2024-08-30 10:30:00', '2024-08-30 12:30:00', '2024-08-30 18:00:00', '2024-08-30 20:00:00', '2024-09-30 15:08:59', 'usuario', '2024-09-30 15:08:59', 'usuario', 17, 1),
(221, 1, '2024-09-02', NULL, '2024-09-02 08:00:00', '2024-09-02 10:00:00', '2024-09-02 10:30:00', '2024-09-02 12:30:00', '2024-09-02 18:00:00', '2024-09-02 20:00:00', '2024-09-30 15:12:03', 'usuario', '2024-09-30 15:12:03', 'usuario', 17, 2),
(222, 1, '2024-09-03', NULL, '2024-09-03 08:00:00', '2024-09-03 10:00:00', '2024-09-03 10:30:00', '2024-09-03 12:30:00', '2024-09-03 18:00:00', '2024-09-03 20:00:00', '2024-09-30 15:12:03', 'usuario', '2024-09-30 15:12:03', 'usuario', 17, 2),
(223, 1, '2024-09-04', NULL, '2024-09-04 08:00:00', '2024-09-04 10:00:00', '2024-09-04 10:30:00', '2024-09-04 12:30:00', '2024-09-04 18:00:00', '2024-09-04 20:00:00', '2024-09-30 15:12:03', 'usuario', '2024-09-30 15:12:03', 'usuario', 17, 2),
(224, 1, '2024-09-05', NULL, '2024-09-05 08:00:00', '2024-09-05 10:00:00', '2024-09-05 10:30:00', '2024-09-05 12:30:00', '2024-09-05 18:00:00', '2024-09-05 20:00:00', '2024-09-30 15:12:03', 'usuario', '2024-09-30 15:12:03', 'usuario', 17, 2),
(225, 1, '2024-09-06', NULL, '2024-09-06 08:00:00', '2024-09-06 10:00:00', '2024-09-06 10:30:00', '2024-09-06 12:30:00', '2024-09-06 18:00:00', '2024-09-06 20:00:00', '2024-09-30 15:12:03', 'usuario', '2024-09-30 15:12:03', 'usuario', 17, 2),
(226, 1, '2024-09-09', NULL, '2024-09-09 08:00:00', '2024-09-09 10:00:00', '2024-09-09 10:30:00', '2024-09-09 12:30:00', '2024-09-09 18:00:00', '2024-09-09 20:00:00', '2024-09-30 15:12:03', 'usuario', '2024-09-30 15:12:03', 'usuario', 17, 2),
(227, 1, '2024-09-10', NULL, '2024-09-10 08:00:00', '2024-09-10 10:00:00', '2024-09-10 10:30:00', '2024-09-10 12:30:00', '2024-09-10 18:00:00', '2024-09-10 20:00:00', '2024-09-30 15:12:03', 'usuario', '2024-09-30 15:12:03', 'usuario', 17, 2),
(228, 1, '2024-09-11', NULL, '2024-09-11 08:00:00', '2024-09-11 10:00:00', '2024-09-11 10:30:00', '2024-09-11 12:30:00', '2024-09-11 18:00:00', '2024-09-11 20:00:00', '2024-09-30 15:12:03', 'usuario', '2024-09-30 15:12:03', 'usuario', 17, 2),
(229, 1, '2024-09-12', NULL, '2024-09-12 08:00:00', '2024-09-12 10:00:00', '2024-09-12 10:30:00', '2024-09-12 12:30:00', '2024-09-12 18:00:00', '2024-09-12 20:00:00', '2024-09-30 15:12:03', 'usuario', '2024-09-30 15:12:03', 'usuario', 17, 2),
(230, 1, '2024-09-13', NULL, '2024-09-13 08:00:00', '2024-09-13 10:00:00', '2024-09-13 10:30:00', '2024-09-13 12:30:00', '2024-09-13 18:00:00', '2024-09-13 20:00:00', '2024-09-30 15:12:03', 'usuario', '2024-09-30 15:12:03', 'usuario', 17, 2),
(231, 1, '2024-09-16', NULL, '2024-09-16 08:00:00', '2024-09-16 10:00:00', '2024-09-16 10:30:00', '2024-09-16 12:30:00', '2024-09-16 18:00:00', '2024-09-16 20:00:00', '2024-09-30 15:12:03', 'usuario', '2024-09-30 15:12:03', 'usuario', 17, 2),
(232, 1, '2024-09-17', NULL, '2024-09-17 08:00:00', '2024-09-17 10:00:00', '2024-09-17 10:30:00', '2024-09-17 12:30:00', '2024-09-17 18:00:00', '2024-09-17 20:00:00', '2024-09-30 15:12:03', 'usuario', '2024-09-30 15:12:03', 'usuario', 17, 2),
(233, 1, '2024-09-18', NULL, '2024-09-18 08:00:00', '2024-09-18 10:00:00', '2024-09-18 10:30:00', '2024-09-18 12:30:00', '2024-09-18 18:00:00', '2024-09-18 20:00:00', '2024-09-30 15:12:03', 'usuario', '2024-09-30 15:12:03', 'usuario', 17, 2),
(234, 1, '2024-09-19', NULL, '2024-09-19 08:00:00', '2024-09-19 10:00:00', '2024-09-19 10:30:00', '2024-09-19 12:30:00', '2024-09-19 18:00:00', '2024-09-19 20:00:00', '2024-09-30 15:12:03', 'usuario', '2024-09-30 15:12:03', 'usuario', 17, 2),
(235, 1, '2024-09-20', NULL, '2024-09-20 08:00:00', '2024-09-20 10:00:00', '2024-09-20 10:30:00', '2024-09-20 12:30:00', '2024-09-20 18:00:00', '2024-09-20 20:00:00', '2024-09-30 15:12:03', 'usuario', '2024-09-30 15:12:03', 'usuario', 17, 2),
(236, 1, '2024-09-23', NULL, '2024-09-23 08:00:00', '2024-09-23 10:00:00', '2024-09-23 10:30:00', '2024-09-23 12:30:00', '2024-09-23 18:00:00', '2024-09-23 20:00:00', '2024-09-30 15:12:03', 'usuario', '2024-09-30 15:12:03', 'usuario', 17, 2),
(237, 1, '2024-09-24', NULL, '2024-09-24 08:00:00', '2024-09-24 10:00:00', '2024-09-24 10:30:00', '2024-09-24 12:30:00', '2024-09-24 18:00:00', '2024-09-24 20:00:00', '2024-09-30 15:12:03', 'usuario', '2024-09-30 15:12:03', 'usuario', 17, 2),
(238, 1, '2024-09-25', NULL, '2024-09-25 08:00:00', '2024-09-25 10:00:00', '2024-09-25 10:30:00', '2024-09-25 12:30:00', '2024-09-25 18:00:00', '2024-09-25 20:00:00', '2024-09-30 15:12:03', 'usuario', '2024-09-30 15:12:03', 'usuario', 17, 2),
(239, 1, '2024-09-26', NULL, '2024-09-26 08:00:00', '2024-09-26 10:00:00', '2024-09-26 10:30:00', '2024-09-26 12:30:00', '2024-09-26 18:00:00', '2024-09-26 20:00:00', '2024-09-30 15:12:03', 'usuario', '2024-09-30 15:12:03', 'usuario', 17, 2),
(240, 1, '2024-09-27', NULL, '2024-09-27 08:00:00', '2024-09-27 10:00:00', '2024-09-27 10:30:00', '2024-09-27 12:30:00', '2024-09-27 18:00:00', '2024-09-27 20:00:00', '2024-09-30 15:12:03', 'usuario', '2024-09-30 15:12:03', 'usuario', 17, 2),
(241, 1, '2024-09-30', NULL, '2024-09-30 08:00:00', '2024-09-30 10:00:00', '2024-09-30 10:30:00', '2024-09-30 12:30:00', '2024-09-30 18:00:00', '2024-09-30 20:00:00', '2024-09-30 15:12:03', 'usuario', '2024-09-30 15:12:03', 'usuario', 17, 2),
(242, 1, '2024-09-02', NULL, '2024-09-02 08:00:00', '2024-09-02 11:00:00', '2024-09-02 11:30:00', '2024-09-02 13:30:00', NULL, NULL, '2024-09-30 15:33:55', 'usuario', '2024-09-30 15:33:55', 'usuario', 20, 3),
(243, 1, '2024-09-03', NULL, '2024-09-03 08:00:00', '2024-09-03 11:00:00', '2024-09-03 11:30:00', '2024-09-03 13:30:00', NULL, NULL, '2024-09-30 15:33:55', 'usuario', '2024-09-30 15:33:55', 'usuario', 20, 3),
(244, 1, '2024-09-04', NULL, '2024-09-04 08:00:00', '2024-09-04 11:00:00', '2024-09-04 11:30:00', '2024-09-04 13:30:00', NULL, NULL, '2024-09-30 15:33:55', 'usuario', '2024-09-30 15:33:55', 'usuario', 20, 3),
(245, 1, '2024-09-05', NULL, '2024-09-05 08:00:00', '2024-09-05 11:00:00', '2024-09-05 11:30:00', '2024-09-05 13:30:00', NULL, NULL, '2024-09-30 15:33:55', 'usuario', '2024-09-30 15:33:55', 'usuario', 20, 3),
(246, 1, '2024-09-06', NULL, '2024-09-06 08:00:00', '2024-09-06 11:00:00', '2024-09-06 11:30:00', '2024-09-06 13:30:00', NULL, NULL, '2024-09-30 15:33:55', 'usuario', '2024-09-30 15:33:55', 'usuario', 20, 3),
(247, 1, '2024-09-09', NULL, '2024-09-09 08:00:00', '2024-09-09 11:00:00', '2024-09-09 11:30:00', '2024-09-09 13:30:00', NULL, NULL, '2024-09-30 15:33:55', 'usuario', '2024-09-30 15:33:55', 'usuario', 20, 3),
(248, 1, '2024-09-10', NULL, '2024-09-10 08:00:00', '2024-09-10 11:00:00', '2024-09-10 11:30:00', '2024-09-10 13:30:00', NULL, NULL, '2024-09-30 15:33:55', 'usuario', '2024-09-30 15:33:55', 'usuario', 20, 3),
(249, 1, '2024-09-11', NULL, '2024-09-11 08:00:00', '2024-09-11 11:00:00', '2024-09-11 11:30:00', '2024-09-11 13:30:00', NULL, NULL, '2024-09-30 15:33:55', 'usuario', '2024-09-30 15:33:55', 'usuario', 20, 3),
(250, 1, '2024-09-12', NULL, '2024-09-12 08:00:00', '2024-09-12 11:00:00', '2024-09-12 11:30:00', '2024-09-12 13:30:00', NULL, NULL, '2024-09-30 15:33:55', 'usuario', '2024-09-30 15:33:55', 'usuario', 20, 3),
(251, 1, '2024-09-13', NULL, '2024-09-13 08:00:00', '2024-09-13 11:00:00', '2024-09-13 11:30:00', '2024-09-13 13:30:00', NULL, NULL, '2024-09-30 15:33:55', 'usuario', '2024-09-30 15:33:55', 'usuario', 20, 3),
(252, 1, '2024-09-16', NULL, '2024-09-16 08:00:00', '2024-09-16 11:00:00', '2024-09-16 11:30:00', '2024-09-16 13:30:00', NULL, NULL, '2024-09-30 15:33:55', 'usuario', '2024-09-30 15:33:55', 'usuario', 20, 3),
(253, 1, '2024-09-17', NULL, '2024-09-17 08:00:00', '2024-09-17 11:00:00', '2024-09-17 11:30:00', '2024-09-17 13:30:00', NULL, NULL, '2024-09-30 15:33:55', 'usuario', '2024-09-30 15:33:55', 'usuario', 20, 3),
(254, 1, '2024-09-18', NULL, '2024-09-18 08:00:00', '2024-09-18 11:00:00', '2024-09-18 11:30:00', '2024-09-18 13:30:00', NULL, NULL, '2024-09-30 15:33:55', 'usuario', '2024-09-30 15:33:55', 'usuario', 20, 3),
(255, 1, '2024-09-19', NULL, '2024-09-19 08:00:00', '2024-09-19 11:00:00', '2024-09-19 11:30:00', '2024-09-19 13:30:00', NULL, NULL, '2024-09-30 15:33:55', 'usuario', '2024-09-30 15:33:55', 'usuario', 20, 3),
(256, 1, '2024-09-20', NULL, '2024-09-20 08:00:00', '2024-09-20 11:00:00', '2024-09-20 11:30:00', '2024-09-20 13:30:00', NULL, NULL, '2024-09-30 15:33:55', 'usuario', '2024-09-30 15:33:55', 'usuario', 20, 3),
(257, 1, '2024-09-23', NULL, '2024-09-23 08:00:00', '2024-09-23 11:00:00', '2024-09-23 11:30:00', '2024-09-23 13:30:00', NULL, NULL, '2024-09-30 15:33:55', 'usuario', '2024-09-30 15:33:55', 'usuario', 20, 3),
(258, 1, '2024-09-24', NULL, '2024-09-24 08:00:00', '2024-09-24 11:00:00', '2024-09-24 11:30:00', '2024-09-24 13:30:00', NULL, NULL, '2024-09-30 15:33:55', 'usuario', '2024-09-30 15:33:55', 'usuario', 20, 3),
(259, 1, '2024-09-25', NULL, '2024-09-25 08:00:00', '2024-09-25 11:00:00', '2024-09-25 11:30:00', '2024-09-25 13:30:00', NULL, NULL, '2024-09-30 15:33:55', 'usuario', '2024-09-30 15:33:55', 'usuario', 20, 3),
(260, 1, '2024-09-26', NULL, '2024-09-26 08:00:00', '2024-09-26 11:00:00', '2024-09-26 11:30:00', '2024-09-26 13:30:00', NULL, NULL, '2024-09-30 15:33:55', 'usuario', '2024-09-30 15:33:55', 'usuario', 20, 3),
(261, 1, '2024-09-27', NULL, '2024-09-27 08:00:00', '2024-09-27 11:00:00', '2024-09-27 11:30:00', '2024-09-27 13:30:00', NULL, NULL, '2024-09-30 15:36:22', 'usuario', '2024-09-30 15:36:22', 'usuario', 20, 3),
(262, 1, '2024-09-30', NULL, '2024-09-30 08:00:00', '2024-09-30 11:00:00', '2024-09-30 11:30:00', '2024-09-30 13:30:00', NULL, NULL, '2024-09-30 15:36:22', 'usuario', '2024-09-30 15:36:22', 'usuario', 20, 3),
(263, 1, '2024-08-05', NULL, '2024-08-05 08:00:00', '2024-08-05 11:00:00', '2024-08-05 11:30:00', '2024-08-05 13:30:00', NULL, NULL, '2024-09-30 15:48:19', 'usuario', '2024-09-30 15:48:19', 'usuario', 20, 2),
(264, 1, '2024-08-06', NULL, '2024-08-06 08:00:00', '2024-08-06 11:00:00', '2024-08-06 11:30:00', '2024-08-06 13:30:00', NULL, NULL, '2024-09-30 15:48:19', 'usuario', '2024-09-30 15:48:19', 'usuario', 20, 2),
(265, 1, '2024-08-07', NULL, '2024-08-07 08:00:00', '2024-08-07 11:00:00', '2024-08-07 11:30:00', '2024-08-07 13:30:00', NULL, NULL, '2024-09-30 15:48:19', 'usuario', '2024-09-30 15:48:19', 'usuario', 20, 2),
(266, 1, '2024-08-08', NULL, '2024-08-08 08:00:00', '2024-08-08 11:00:00', '2024-08-08 11:30:00', '2024-08-08 13:30:00', NULL, NULL, '2024-09-30 15:48:19', 'usuario', '2024-09-30 15:48:19', 'usuario', 20, 2),
(267, 1, '2024-08-09', NULL, '2024-08-09 08:00:00', '2024-08-09 11:00:00', '2024-08-09 11:30:00', '2024-08-09 13:30:00', NULL, NULL, '2024-09-30 15:48:19', 'usuario', '2024-09-30 15:48:19', 'usuario', 20, 2),
(268, 1, '2024-08-12', NULL, '2024-08-12 08:00:00', '2024-08-12 11:00:00', '2024-08-12 11:30:00', '2024-08-12 13:30:00', NULL, NULL, '2024-09-30 15:48:19', 'usuario', '2024-09-30 15:48:19', 'usuario', 20, 2),
(269, 1, '2024-08-13', NULL, '2024-08-13 08:00:00', '2024-08-13 11:00:00', '2024-08-13 11:30:00', '2024-08-13 13:30:00', NULL, NULL, '2024-09-30 15:48:19', 'usuario', '2024-09-30 15:48:19', 'usuario', 20, 2),
(270, 1, '2024-08-14', NULL, '2024-08-14 08:00:00', '2024-08-14 11:00:00', '2024-08-14 11:30:00', '2024-08-14 13:30:00', NULL, NULL, '2024-09-30 15:48:19', 'usuario', '2024-09-30 15:48:19', 'usuario', 20, 2),
(271, 1, '2024-08-15', NULL, '2024-08-15 08:00:00', '2024-08-15 11:00:00', '2024-08-15 11:30:00', '2024-08-15 13:30:00', NULL, NULL, '2024-09-30 15:48:19', 'usuario', '2024-09-30 15:48:19', 'usuario', 20, 2),
(272, 1, '2024-08-16', NULL, '2024-08-16 08:00:00', '2024-08-16 11:00:00', '2024-08-16 11:30:00', '2024-08-16 13:30:00', NULL, NULL, '2024-09-30 15:48:19', 'usuario', '2024-09-30 15:48:19', 'usuario', 20, 2),
(273, 1, '2024-08-19', NULL, '2024-08-19 08:00:00', '2024-08-19 11:00:00', '2024-08-19 11:30:00', '2024-08-19 13:30:00', NULL, NULL, '2024-09-30 15:48:19', 'usuario', '2024-09-30 15:48:19', 'usuario', 20, 2),
(274, 1, '2024-08-20', NULL, '2024-08-20 08:00:00', '2024-08-20 11:00:00', '2024-08-20 11:30:00', '2024-08-20 13:30:00', NULL, NULL, '2024-09-30 15:48:19', 'usuario', '2024-09-30 15:48:19', 'usuario', 20, 2),
(275, 1, '2024-08-21', NULL, '2024-08-21 08:00:00', '2024-08-21 11:00:00', '2024-08-21 11:30:00', '2024-08-21 13:30:00', NULL, NULL, '2024-09-30 15:48:19', 'usuario', '2024-09-30 15:48:19', 'usuario', 20, 2),
(276, 1, '2024-08-22', NULL, '2024-08-22 08:00:00', '2024-08-22 11:00:00', '2024-08-22 11:30:00', '2024-08-22 13:30:00', NULL, NULL, '2024-09-30 15:48:19', 'usuario', '2024-09-30 15:48:19', 'usuario', 20, 2),
(277, 1, '2024-08-23', NULL, '2024-08-23 08:00:00', '2024-08-23 11:00:00', '2024-08-23 11:30:00', '2024-08-23 13:30:00', NULL, NULL, '2024-09-30 15:48:19', 'usuario', '2024-09-30 15:48:19', 'usuario', 20, 2),
(278, 1, '2024-08-26', NULL, '2024-08-26 08:00:00', '2024-08-26 11:00:00', '2024-08-26 11:30:00', '2024-08-26 13:30:00', NULL, NULL, '2024-09-30 15:48:19', 'usuario', '2024-09-30 15:48:19', 'usuario', 20, 2),
(279, 1, '2024-08-27', NULL, '2024-08-27 08:00:00', '2024-08-27 11:00:00', '2024-08-27 11:30:00', '2024-08-27 13:30:00', NULL, NULL, '2024-09-30 15:48:19', 'usuario', '2024-09-30 15:48:19', 'usuario', 20, 2),
(280, 1, '2024-08-28', NULL, '2024-08-28 08:00:00', '2024-08-28 11:00:00', '2024-08-28 11:30:00', '2024-08-28 13:30:00', NULL, NULL, '2024-09-30 15:48:19', 'usuario', '2024-09-30 15:48:19', 'usuario', 20, 2),
(281, 1, '2024-08-29', NULL, '2024-08-29 08:00:00', '2024-08-29 11:00:00', '2024-08-29 11:30:00', '2024-08-29 13:30:00', NULL, NULL, '2024-09-30 15:48:19', 'usuario', '2024-09-30 15:48:19', 'usuario', 20, 2),
(282, 1, '2024-08-30', NULL, '2024-08-30 08:00:00', '2024-08-30 11:00:00', '2024-08-30 11:30:00', '2024-08-30 13:30:00', NULL, NULL, '2024-09-30 15:48:19', 'usuario', '2024-09-30 15:48:19', 'usuario', 20, 2),
(283, 1, '2024-08-05', NULL, '2024-08-05 08:00:00', '2024-08-05 11:00:00', '2024-08-05 11:30:00', '2024-08-05 13:30:00', NULL, NULL, '2024-09-30 15:51:32', 'usuario', '2024-09-30 15:51:32', 'usuario', 21, 3),
(284, 1, '2024-08-06', NULL, '2024-08-06 08:00:00', '2024-08-06 11:00:00', '2024-08-06 11:30:00', '2024-08-06 13:30:00', NULL, NULL, '2024-09-30 15:51:32', 'usuario', '2024-09-30 15:51:32', 'usuario', 21, 3),
(285, 1, '2024-08-07', NULL, '2024-08-07 08:00:00', '2024-08-07 11:00:00', '2024-08-07 11:30:00', '2024-08-07 13:30:00', NULL, NULL, '2024-09-30 15:51:32', 'usuario', '2024-09-30 15:51:32', 'usuario', 21, 3),
(286, 1, '2024-08-08', NULL, '2024-08-08 08:00:00', '2024-08-08 11:00:00', '2024-08-08 11:30:00', '2024-08-08 13:30:00', NULL, NULL, '2024-09-30 15:51:32', 'usuario', '2024-09-30 15:51:32', 'usuario', 21, 3),
(287, 1, '2024-08-09', NULL, '2024-08-09 08:00:00', '2024-08-09 11:00:00', '2024-08-09 11:30:00', '2024-08-09 13:30:00', NULL, NULL, '2024-09-30 15:51:32', 'usuario', '2024-09-30 15:51:32', 'usuario', 21, 3),
(288, 1, '2024-08-12', NULL, '2024-08-12 08:00:00', '2024-08-12 11:00:00', '2024-08-12 11:30:00', '2024-08-12 13:30:00', NULL, NULL, '2024-09-30 15:51:32', 'usuario', '2024-09-30 15:51:32', 'usuario', 21, 3),
(289, 1, '2024-08-13', NULL, '2024-08-13 08:00:00', '2024-08-13 11:00:00', '2024-08-13 11:30:00', '2024-08-13 13:30:00', NULL, NULL, '2024-09-30 15:51:32', 'usuario', '2024-09-30 15:51:32', 'usuario', 21, 3),
(290, 1, '2024-08-14', NULL, '2024-08-14 08:00:00', '2024-08-14 11:00:00', '2024-08-14 11:30:00', '2024-08-14 13:30:00', NULL, NULL, '2024-09-30 15:51:32', 'usuario', '2024-09-30 15:51:32', 'usuario', 21, 3),
(291, 1, '2024-08-15', NULL, '2024-08-15 08:00:00', '2024-08-15 11:00:00', '2024-08-15 11:30:00', '2024-08-15 13:30:00', NULL, NULL, '2024-09-30 15:51:32', 'usuario', '2024-09-30 15:51:32', 'usuario', 21, 3),
(292, 1, '2024-08-16', NULL, '2024-08-16 08:00:00', '2024-08-16 11:00:00', '2024-08-16 11:30:00', '2024-08-16 13:30:00', NULL, NULL, '2024-09-30 15:51:32', 'usuario', '2024-09-30 15:51:32', 'usuario', 21, 3),
(293, 1, '2024-08-19', NULL, '2024-08-19 08:00:00', '2024-08-19 11:00:00', '2024-08-19 11:30:00', '2024-08-19 13:30:00', NULL, NULL, '2024-09-30 15:51:32', 'usuario', '2024-09-30 15:51:32', 'usuario', 21, 3),
(294, 1, '2024-08-20', NULL, '2024-08-20 08:00:00', '2024-08-20 11:00:00', '2024-08-20 11:30:00', '2024-08-20 13:30:00', NULL, NULL, '2024-09-30 15:51:32', 'usuario', '2024-09-30 15:51:32', 'usuario', 21, 3),
(295, 1, '2024-08-21', NULL, '2024-08-21 08:00:00', '2024-08-21 11:00:00', '2024-08-21 11:30:00', '2024-08-21 13:30:00', NULL, NULL, '2024-09-30 15:51:32', 'usuario', '2024-09-30 15:51:32', 'usuario', 21, 3),
(296, 1, '2024-08-22', NULL, '2024-08-22 08:00:00', '2024-08-22 11:00:00', '2024-08-22 11:30:00', '2024-08-22 13:30:00', NULL, NULL, '2024-09-30 15:51:32', 'usuario', '2024-09-30 15:51:32', 'usuario', 21, 3),
(297, 1, '2024-08-23', NULL, '2024-08-23 08:00:00', '2024-08-23 11:00:00', '2024-08-23 11:30:00', '2024-08-23 13:30:00', NULL, NULL, '2024-09-30 15:51:32', 'usuario', '2024-09-30 15:51:32', 'usuario', 21, 3),
(298, 1, '2024-08-26', NULL, '2024-08-26 08:00:00', '2024-08-26 11:00:00', '2024-08-26 11:30:00', '2024-08-26 13:30:00', NULL, NULL, '2024-09-30 15:51:32', 'usuario', '2024-09-30 15:51:32', 'usuario', 21, 3),
(299, 1, '2024-08-27', NULL, '2024-08-27 08:00:00', '2024-08-27 11:00:00', '2024-08-27 11:30:00', '2024-08-27 13:30:00', NULL, NULL, '2024-09-30 15:51:32', 'usuario', '2024-09-30 15:51:32', 'usuario', 21, 3),
(300, 1, '2024-08-28', NULL, '2024-08-28 08:00:00', '2024-08-28 11:00:00', '2024-08-28 11:30:00', '2024-08-28 13:30:00', NULL, NULL, '2024-09-30 15:51:32', 'usuario', '2024-09-30 15:51:32', 'usuario', 21, 3),
(301, 1, '2024-08-29', NULL, '2024-08-29 08:00:00', '2024-08-29 11:00:00', '2024-08-29 11:30:00', '2024-08-29 13:30:00', NULL, NULL, '2024-09-30 15:51:32', 'usuario', '2024-09-30 15:51:32', 'usuario', 21, 3),
(302, 1, '2024-08-30', NULL, '2024-08-30 08:00:00', '2024-08-30 11:00:00', '2024-08-30 11:30:00', '2024-08-30 13:30:00', NULL, NULL, '2024-09-30 15:51:32', 'usuario', '2024-09-30 15:51:32', 'usuario', 21, 3),
(303, 1, '2024-08-05', NULL, '2024-08-05 08:00:00', '2024-08-05 11:00:00', '2024-08-05 11:30:00', '2024-08-05 13:30:00', NULL, NULL, '2024-09-30 15:54:48', 'usuario', '2024-09-30 15:54:48', 'usuario', 22, 3),
(304, 1, '2024-08-06', NULL, '2024-08-06 08:00:00', '2024-08-06 11:00:00', '2024-08-06 11:30:00', '2024-08-06 13:30:00', NULL, NULL, '2024-09-30 15:54:48', 'usuario', '2024-09-30 15:54:48', 'usuario', 22, 3),
(305, 1, '2024-08-07', NULL, '2024-08-07 08:00:00', '2024-08-07 11:00:00', '2024-08-07 11:30:00', '2024-08-07 13:30:00', NULL, NULL, '2024-09-30 15:54:48', 'usuario', '2024-09-30 15:54:48', 'usuario', 22, 3),
(306, 1, '2024-08-08', NULL, '2024-08-08 08:00:00', '2024-08-08 11:00:00', '2024-08-08 11:30:00', '2024-08-08 13:30:00', NULL, NULL, '2024-09-30 15:54:48', 'usuario', '2024-09-30 15:54:48', 'usuario', 22, 3),
(307, 1, '2024-08-09', NULL, '2024-08-09 08:00:00', '2024-08-09 11:00:00', '2024-08-09 11:30:00', '2024-08-09 13:30:00', NULL, NULL, '2024-09-30 15:54:48', 'usuario', '2024-09-30 15:54:48', 'usuario', 22, 3),
(308, 1, '2024-08-12', NULL, '2024-08-12 08:00:00', '2024-08-12 11:00:00', '2024-08-12 11:30:00', '2024-08-12 13:30:00', NULL, NULL, '2024-09-30 15:54:48', 'usuario', '2024-09-30 15:54:48', 'usuario', 22, 3),
(309, 1, '2024-08-13', NULL, '2024-08-13 08:00:00', '2024-08-13 11:00:00', '2024-08-13 11:30:00', '2024-08-13 13:30:00', NULL, NULL, '2024-09-30 15:54:48', 'usuario', '2024-09-30 15:54:48', 'usuario', 22, 3),
(310, 1, '2024-08-14', NULL, '2024-08-14 08:00:00', '2024-08-14 11:00:00', '2024-08-14 11:30:00', '2024-08-14 13:30:00', NULL, NULL, '2024-09-30 15:54:48', 'usuario', '2024-09-30 15:54:48', 'usuario', 22, 3),
(311, 1, '2024-08-15', NULL, '2024-08-15 08:00:00', '2024-08-15 11:00:00', '2024-08-15 11:30:00', '2024-08-15 13:30:00', NULL, NULL, '2024-09-30 15:54:48', 'usuario', '2024-09-30 15:54:48', 'usuario', 22, 3),
(312, 1, '2024-08-16', NULL, '2024-08-16 08:00:00', '2024-08-16 11:00:00', '2024-08-16 11:30:00', '2024-08-16 13:30:00', NULL, NULL, '2024-09-30 15:54:48', 'usuario', '2024-09-30 15:54:48', 'usuario', 22, 3),
(313, 1, '2024-08-19', NULL, '2024-08-19 08:00:00', '2024-08-19 11:00:00', '2024-08-19 11:30:00', '2024-08-19 13:30:00', NULL, NULL, '2024-09-30 15:54:48', 'usuario', '2024-09-30 15:54:48', 'usuario', 22, 3),
(314, 1, '2024-08-20', NULL, '2024-08-20 08:00:00', '2024-08-20 11:00:00', '2024-08-20 11:30:00', '2024-08-20 13:30:00', NULL, NULL, '2024-09-30 15:54:48', 'usuario', '2024-09-30 15:54:48', 'usuario', 22, 3),
(315, 1, '2024-08-21', NULL, '2024-08-21 08:00:00', '2024-08-21 11:00:00', '2024-08-21 11:30:00', '2024-08-21 13:30:00', NULL, NULL, '2024-09-30 15:54:48', 'usuario', '2024-09-30 15:54:48', 'usuario', 22, 3),
(316, 1, '2024-08-22', NULL, '2024-08-22 08:00:00', '2024-08-22 11:00:00', '2024-08-22 11:30:00', '2024-08-22 13:30:00', NULL, NULL, '2024-09-30 15:54:48', 'usuario', '2024-09-30 15:54:48', 'usuario', 22, 3),
(317, 1, '2024-08-23', NULL, '2024-08-23 08:00:00', '2024-08-23 11:00:00', '2024-08-23 11:30:00', '2024-08-23 13:30:00', NULL, NULL, '2024-09-30 15:54:48', 'usuario', '2024-09-30 15:54:48', 'usuario', 22, 3),
(318, 1, '2024-08-26', NULL, '2024-08-26 08:00:00', '2024-08-26 11:00:00', '2024-08-26 11:30:00', '2024-08-26 13:30:00', NULL, NULL, '2024-09-30 15:54:48', 'usuario', '2024-09-30 15:54:48', 'usuario', 22, 3),
(319, 1, '2024-08-27', NULL, '2024-08-27 08:00:00', '2024-08-27 11:00:00', '2024-08-27 11:30:00', '2024-08-27 13:30:00', NULL, NULL, '2024-09-30 15:54:48', 'usuario', '2024-09-30 15:54:48', 'usuario', 22, 3),
(320, 1, '2024-08-28', NULL, '2024-08-28 08:00:00', '2024-08-28 11:00:00', '2024-08-28 11:30:00', '2024-08-28 13:30:00', NULL, NULL, '2024-09-30 15:54:48', 'usuario', '2024-09-30 15:54:48', 'usuario', 22, 3),
(321, 1, '2024-08-29', NULL, '2024-08-29 08:00:00', '2024-08-29 11:00:00', '2024-08-29 11:30:00', '2024-08-29 13:30:00', NULL, NULL, '2024-09-30 15:54:48', 'usuario', '2024-09-30 15:54:48', 'usuario', 22, 3),
(322, 1, '2024-08-30', NULL, '2024-08-30 08:00:00', '2024-08-30 11:00:00', '2024-08-30 11:30:00', '2024-08-30 13:30:00', NULL, NULL, '2024-09-30 15:54:48', 'usuario', '2024-09-30 15:54:48', 'usuario', 22, 3),
(323, 1, '2024-09-02', NULL, '2024-09-02 08:00:00', '2024-09-02 12:00:00', '2024-09-02 13:00:00', '2024-09-02 17:00:00', NULL, NULL, '2024-09-30 16:03:50', 'usuario', '2024-09-30 16:03:50', 'usuario', 22, 1),
(324, 1, '2024-09-03', NULL, '2024-09-03 08:00:00', '2024-09-03 12:00:00', '2024-09-03 13:00:00', '2024-09-03 17:00:00', NULL, NULL, '2024-09-30 16:03:50', 'usuario', '2024-09-30 16:03:50', 'usuario', 22, 1),
(325, 1, '2024-09-04', NULL, '2024-09-04 08:00:00', '2024-09-04 12:00:00', '2024-09-04 13:00:00', '2024-09-04 17:00:00', NULL, NULL, '2024-09-30 16:03:50', 'usuario', '2024-09-30 16:03:50', 'usuario', 22, 1),
(326, 1, '2024-09-05', NULL, '2024-09-05 08:00:00', '2024-09-05 12:00:00', '2024-09-05 13:00:00', '2024-09-05 17:00:00', NULL, NULL, '2024-09-30 16:03:50', 'usuario', '2024-09-30 16:03:50', 'usuario', 22, 1),
(327, 1, '2024-09-06', NULL, '2024-09-06 08:00:00', '2024-09-06 12:00:00', '2024-09-06 13:00:00', '2024-09-06 17:00:00', NULL, NULL, '2024-09-30 16:03:50', 'usuario', '2024-09-30 16:03:50', 'usuario', 22, 1),
(328, 1, '2024-09-09', NULL, '2024-09-09 08:00:00', '2024-09-09 12:00:00', '2024-09-09 13:00:00', '2024-09-09 17:00:00', NULL, NULL, '2024-09-30 16:03:50', 'usuario', '2024-09-30 16:03:50', 'usuario', 22, 1),
(329, 1, '2024-09-10', NULL, '2024-09-10 08:00:00', '2024-09-10 12:00:00', '2024-09-10 13:00:00', '2024-09-10 17:00:00', NULL, NULL, '2024-09-30 16:03:50', 'usuario', '2024-09-30 16:03:50', 'usuario', 22, 1),
(330, 1, '2024-09-11', NULL, '2024-09-11 08:00:00', '2024-09-11 12:00:00', '2024-09-11 13:00:00', '2024-09-11 17:00:00', NULL, NULL, '2024-09-30 16:03:50', 'usuario', '2024-09-30 16:03:50', 'usuario', 22, 1),
(331, 1, '2024-09-12', NULL, '2024-09-12 08:00:00', '2024-09-12 12:00:00', '2024-09-12 13:00:00', '2024-09-12 17:00:00', NULL, NULL, '2024-09-30 16:03:50', 'usuario', '2024-09-30 16:03:50', 'usuario', 22, 1),
(332, 1, '2024-09-13', NULL, '2024-09-13 08:00:00', '2024-09-13 12:00:00', '2024-09-13 13:00:00', '2024-09-13 17:00:00', NULL, NULL, '2024-09-30 16:03:50', 'usuario', '2024-09-30 16:03:50', 'usuario', 22, 1),
(333, 1, '2024-09-16', NULL, '2024-09-16 08:00:00', '2024-09-16 12:00:00', '2024-09-16 13:00:00', '2024-09-16 17:00:00', NULL, NULL, '2024-09-30 16:03:50', 'usuario', '2024-09-30 16:03:50', 'usuario', 22, 1),
(334, 1, '2024-09-17', NULL, '2024-09-17 08:00:00', '2024-09-17 12:00:00', '2024-09-17 13:00:00', '2024-09-17 17:00:00', NULL, NULL, '2024-09-30 16:03:50', 'usuario', '2024-09-30 16:03:50', 'usuario', 22, 1),
(335, 1, '2024-09-18', NULL, '2024-09-18 08:00:00', '2024-09-18 12:00:00', '2024-09-18 13:00:00', '2024-09-18 17:00:00', NULL, NULL, '2024-09-30 16:03:50', 'usuario', '2024-09-30 16:03:50', 'usuario', 22, 1),
(336, 1, '2024-09-19', NULL, '2024-09-19 08:00:00', '2024-09-19 12:00:00', '2024-09-19 13:00:00', '2024-09-19 17:00:00', NULL, NULL, '2024-09-30 16:03:50', 'usuario', '2024-09-30 16:03:50', 'usuario', 22, 1),
(337, 1, '2024-09-20', NULL, '2024-09-20 08:00:00', '2024-09-20 12:00:00', '2024-09-20 13:00:00', '2024-09-20 17:00:00', NULL, NULL, '2024-09-30 16:03:50', 'usuario', '2024-09-30 16:03:50', 'usuario', 22, 1),
(338, 1, '2024-09-23', NULL, '2024-09-23 08:00:00', '2024-09-23 12:00:00', '2024-09-23 13:00:00', '2024-09-23 17:00:00', NULL, NULL, '2024-09-30 16:03:50', 'usuario', '2024-09-30 16:03:50', 'usuario', 22, 1),
(339, 1, '2024-09-24', NULL, '2024-09-24 08:00:00', '2024-09-24 12:00:00', '2024-09-24 13:00:00', '2024-09-24 17:00:00', NULL, NULL, '2024-09-30 16:03:50', 'usuario', '2024-09-30 16:03:50', 'usuario', 22, 1),
(340, 1, '2024-09-25', NULL, '2024-09-25 08:00:00', '2024-09-25 12:00:00', '2024-09-25 13:00:00', '2024-09-25 17:00:00', NULL, NULL, '2024-09-30 16:03:50', 'usuario', '2024-09-30 16:03:50', 'usuario', 22, 1),
(341, 1, '2024-09-26', NULL, '2024-09-26 08:00:00', '2024-09-26 12:00:00', '2024-09-26 13:00:00', '2024-09-26 17:00:00', NULL, NULL, '2024-09-30 16:03:50', 'usuario', '2024-09-30 16:03:50', 'usuario', 22, 1),
(342, 1, '2024-09-27', NULL, '2024-09-27 08:00:00', '2024-09-27 12:00:00', '2024-09-27 13:00:00', '2024-09-27 17:00:00', NULL, NULL, '2024-09-30 16:03:50', 'usuario', '2024-09-30 16:03:50', 'usuario', 22, 1),
(343, 1, '2024-09-30', NULL, '2024-09-30 08:00:00', '2024-09-30 12:00:00', '2024-09-30 13:00:00', '2024-09-30 17:00:00', NULL, NULL, '2024-09-30 16:03:50', 'usuario', '2024-09-30 16:03:50', 'usuario', 22, 1),
(344, 1, '2024-09-02', NULL, '2024-09-02 08:00:00', '2024-09-02 12:00:00', '2024-09-02 13:00:00', '2024-09-02 17:00:00', NULL, NULL, '2024-09-30 16:05:46', 'usuario', '2024-09-30 16:05:46', 'usuario', 21, 1),
(345, 1, '2024-09-03', NULL, '2024-09-03 08:00:00', '2024-09-03 12:00:00', '2024-09-03 13:00:00', '2024-09-03 17:00:00', NULL, NULL, '2024-09-30 16:05:46', 'usuario', '2024-09-30 16:05:46', 'usuario', 21, 1),
(346, 1, '2024-09-04', NULL, '2024-09-04 08:00:00', '2024-09-04 12:00:00', '2024-09-04 13:00:00', '2024-09-04 17:00:00', NULL, NULL, '2024-09-30 16:05:46', 'usuario', '2024-09-30 16:05:46', 'usuario', 21, 1),
(347, 1, '2024-09-05', NULL, '2024-09-05 08:00:00', '2024-09-05 12:00:00', '2024-09-05 13:00:00', '2024-09-05 17:00:00', NULL, NULL, '2024-09-30 16:05:46', 'usuario', '2024-09-30 16:05:46', 'usuario', 21, 1),
(348, 1, '2024-09-06', NULL, '2024-09-06 08:00:00', '2024-09-06 12:00:00', '2024-09-06 13:00:00', '2024-09-06 17:00:00', NULL, NULL, '2024-09-30 16:05:46', 'usuario', '2024-09-30 16:05:46', 'usuario', 21, 1),
(349, 1, '2024-09-09', NULL, '2024-09-09 08:00:00', '2024-09-09 12:00:00', '2024-09-09 13:00:00', '2024-09-09 17:00:00', NULL, NULL, '2024-09-30 16:05:46', 'usuario', '2024-09-30 16:05:46', 'usuario', 21, 1),
(350, 1, '2024-09-10', NULL, '2024-09-10 08:00:00', '2024-09-10 12:00:00', '2024-09-10 13:00:00', '2024-09-10 17:00:00', NULL, NULL, '2024-09-30 16:05:46', 'usuario', '2024-09-30 16:05:46', 'usuario', 21, 1),
(351, 1, '2024-09-11', NULL, '2024-09-11 08:00:00', '2024-09-11 12:00:00', '2024-09-11 13:00:00', '2024-09-11 17:00:00', NULL, NULL, '2024-09-30 16:05:46', 'usuario', '2024-09-30 16:05:46', 'usuario', 21, 1),
(352, 1, '2024-09-12', NULL, '2024-09-12 08:00:00', '2024-09-12 12:00:00', '2024-09-12 13:00:00', '2024-09-12 17:00:00', NULL, NULL, '2024-09-30 16:05:46', 'usuario', '2024-09-30 16:05:46', 'usuario', 21, 1),
(353, 1, '2024-09-13', NULL, '2024-09-13 08:00:00', '2024-09-13 12:00:00', '2024-09-13 13:00:00', '2024-09-13 17:00:00', NULL, NULL, '2024-09-30 16:05:46', 'usuario', '2024-09-30 16:05:46', 'usuario', 21, 1),
(354, 1, '2024-09-16', NULL, '2024-09-16 08:00:00', '2024-09-16 12:00:00', '2024-09-16 13:00:00', '2024-09-16 17:00:00', NULL, NULL, '2024-09-30 16:05:46', 'usuario', '2024-09-30 16:05:46', 'usuario', 21, 1),
(355, 1, '2024-09-17', NULL, '2024-09-17 08:00:00', '2024-09-17 12:00:00', '2024-09-17 13:00:00', '2024-09-17 17:00:00', NULL, NULL, '2024-09-30 16:05:46', 'usuario', '2024-09-30 16:05:46', 'usuario', 21, 1),
(356, 1, '2024-09-18', NULL, '2024-09-18 08:00:00', '2024-09-18 12:00:00', '2024-09-18 13:00:00', '2024-09-18 17:00:00', NULL, NULL, '2024-09-30 16:05:46', 'usuario', '2024-09-30 16:05:46', 'usuario', 21, 1),
(357, 1, '2024-09-19', NULL, '2024-09-19 08:00:00', '2024-09-19 12:00:00', '2024-09-19 13:00:00', '2024-09-19 17:00:00', NULL, NULL, '2024-09-30 16:05:46', 'usuario', '2024-09-30 16:05:46', 'usuario', 21, 1),
(358, 1, '2024-09-20', NULL, '2024-09-20 08:00:00', '2024-09-20 12:00:00', '2024-09-20 13:00:00', '2024-09-20 17:00:00', NULL, NULL, '2024-09-30 16:05:46', 'usuario', '2024-09-30 16:05:46', 'usuario', 21, 1),
(359, 1, '2024-09-23', NULL, '2024-09-23 08:00:00', '2024-09-23 12:00:00', '2024-09-23 13:00:00', '2024-09-23 17:00:00', NULL, NULL, '2024-09-30 16:05:46', 'usuario', '2024-09-30 16:05:46', 'usuario', 21, 1),
(360, 1, '2024-09-24', NULL, '2024-09-24 08:00:00', '2024-09-24 12:00:00', '2024-09-24 13:00:00', '2024-09-24 17:00:00', NULL, NULL, '2024-09-30 16:05:46', 'usuario', '2024-09-30 16:05:46', 'usuario', 21, 1),
(361, 1, '2024-09-25', NULL, '2024-09-25 08:00:00', '2024-09-25 12:00:00', '2024-09-25 13:00:00', '2024-09-25 17:00:00', NULL, NULL, '2024-09-30 16:05:46', 'usuario', '2024-09-30 16:05:46', 'usuario', 21, 1),
(362, 1, '2024-09-26', NULL, '2024-09-26 08:00:00', '2024-09-26 12:00:00', '2024-09-26 13:00:00', '2024-09-26 17:00:00', NULL, NULL, '2024-09-30 16:05:46', 'usuario', '2024-09-30 16:05:46', 'usuario', 21, 1),
(363, 1, '2024-09-27', NULL, '2024-09-27 08:00:00', '2024-09-27 12:00:00', '2024-09-27 13:00:00', '2024-09-27 17:00:00', NULL, NULL, '2024-09-30 16:05:46', 'usuario', '2024-09-30 16:05:46', 'usuario', 21, 1),
(364, 1, '2024-09-30', NULL, '2024-09-30 08:00:00', '2024-09-30 12:00:00', '2024-09-30 13:00:00', '2024-09-30 17:00:00', NULL, NULL, '2024-09-30 16:05:46', 'usuario', '2024-09-30 16:05:46', 'usuario', 21, 1);

-- --------------------------------------------------------

--
-- Estrutura para tabela `setor`
--

CREATE TABLE `setor` (
  `id_setor` int(11) NOT NULL,
  `nome_setor` varchar(255) NOT NULL,
  `nome_curso` varchar(255) NOT NULL,
  `cod_curso` int(11) NOT NULL,
  `token_qrcode` varchar(30) DEFAULT NULL,
  `data_expiracao_token` datetime DEFAULT NULL,
  `criado_em` datetime NOT NULL,
  `criado_por` varchar(255) NOT NULL,
  `editado_em` datetime NOT NULL,
  `editado_por` varchar(255) NOT NULL,
  `id_supervisor` int(11) DEFAULT NULL
) ENGINE=InnoDB DEFAULT CHARSET=utf8mb4 COLLATE=utf8mb4_general_ci;

--
-- Despejando dados para a tabela `setor`
--

INSERT INTO `setor` (`id_setor`, `nome_setor`, `nome_curso`, `cod_curso`, `token_qrcode`, `data_expiracao_token`, `criado_em`, `criado_por`, `editado_em`, `editado_por`, `id_supervisor`) VALUES
(1, 'Clínica Cirúrgica', 'Medicina Veterinária', 1016, '66e85ee05e4e8', '2024-10-30 14:02:00', '2024-09-16 18:42:37', 'Teste', '2024-09-16 18:42:37', 'Teste', 0),
(2, 'Animais de Grande Porte', 'Medicina Veterinária', 1016, '66e85ee05e4e8', '2024-10-30 14:02:00', '2024-09-16 18:42:37', 'Teste', '2024-09-16 18:42:37', 'Teste', 0),
(3, 'Ambulatório', 'Medicina Veterinária', 1016, '66e85ee05e4e8', '2024-10-30 14:02:00', '2024-09-16 18:42:37', 'Teste', '2024-09-16 18:42:37', 'Teste', 0);

-- --------------------------------------------------------

--
-- Estrutura para tabela `supervisor`
--

CREATE TABLE `supervisor` (
  `id_supervisor` int(11) NOT NULL,
  `nome_supervisor` varchar(255) NOT NULL,
  `cod_curso` int(11) NOT NULL,
  `nome_curso` varchar(255) NOT NULL,
  `criado_em` datetime NOT NULL,
  `criado_por` varchar(255) NOT NULL,
  `editado_em` datetime NOT NULL,
  `editado_por` varchar(255) NOT NULL,
  `id_setor` int(11) DEFAULT NULL
) ENGINE=InnoDB DEFAULT CHARSET=utf8mb4 COLLATE=utf8mb4_general_ci;

--
-- Índices para tabelas despejadas
--

--
-- Índices de tabela `aluno`
--
ALTER TABLE `aluno`
  ADD PRIMARY KEY (`id_aluno`),
  ADD UNIQUE KEY `matricula_aluno` (`matricula_aluno`,`cod_curso`,`periodo_letivo`);

--
-- Índices de tabela `coordenador`
--
ALTER TABLE `coordenador`
  ADD PRIMARY KEY (`id_coordenador`);

--
-- Índices de tabela `registro_frequencia`
--
ALTER TABLE `registro_frequencia`
  ADD PRIMARY KEY (`id_registro`),
  ADD UNIQUE KEY `data_referencia` (`data_referencia`,`id_aluno`,`id_setor`);

--
-- Índices de tabela `setor`
--
ALTER TABLE `setor`
  ADD PRIMARY KEY (`id_setor`),
  ADD UNIQUE KEY `nome_setor` (`nome_setor`,`cod_curso`);

--
-- Índices de tabela `supervisor`
--
ALTER TABLE `supervisor`
  ADD PRIMARY KEY (`id_supervisor`);

--
-- AUTO_INCREMENT para tabelas despejadas
--

--
-- AUTO_INCREMENT de tabela `aluno`
--
ALTER TABLE `aluno`
  MODIFY `id_aluno` int(11) NOT NULL AUTO_INCREMENT, AUTO_INCREMENT=23;

--
-- AUTO_INCREMENT de tabela `coordenador`
--
ALTER TABLE `coordenador`
  MODIFY `id_coordenador` int(11) NOT NULL AUTO_INCREMENT;

--
-- AUTO_INCREMENT de tabela `registro_frequencia`
--
ALTER TABLE `registro_frequencia`
  MODIFY `id_registro` int(11) NOT NULL AUTO_INCREMENT, AUTO_INCREMENT=365;

--
-- AUTO_INCREMENT de tabela `setor`
--
ALTER TABLE `setor`
  MODIFY `id_setor` int(11) NOT NULL AUTO_INCREMENT, AUTO_INCREMENT=5;

--
-- AUTO_INCREMENT de tabela `supervisor`
--
ALTER TABLE `supervisor`
  MODIFY `id_supervisor` int(11) NOT NULL AUTO_INCREMENT;
COMMIT;

/*!40101 SET CHARACTER_SET_CLIENT=@OLD_CHARACTER_SET_CLIENT */;
/*!40101 SET CHARACTER_SET_RESULTS=@OLD_CHARACTER_SET_RESULTS */;
/*!40101 SET COLLATION_CONNECTION=@OLD_COLLATION_CONNECTION */;
