-- phpMyAdmin SQL Dump
-- version 5.2.1
-- https://www.phpmyadmin.net/
--
-- Host: 127.0.0.1
-- Tempo de geração: 18/10/2024 às 20:10
-- Versão do servidor: 10.4.32-MariaDB
-- Versão do PHP: 8.1.25

SET SQL_MODE = "NO_AUTO_VALUE_ON_ZERO";
START TRANSACTION;
SET time_zone = "+00:00";


/*!40101 SET @OLD_CHARACTER_SET_CLIENT=@@CHARACTER_SET_CLIENT */;
/*!40101 SET @OLD_CHARACTER_SET_RESULTS=@@CHARACTER_SET_RESULTS */;
/*!40101 SET @OLD_COLLATION_CONNECTION=@@COLLATION_CONNECTION */;
/*!40101 SET NAMES utf8mb4 */;

--
-- Banco de dados: `sis_frequencia_estagio`
--

-- --------------------------------------------------------

--
-- Estrutura para tabela `aluno`
--

CREATE TABLE `aluno` (
  `id_aluno` int(11) NOT NULL,
  `nome_aluno` varchar(255) NOT NULL,
  `matricula_aluno` varchar(20) NOT NULL,
  `telefone_aluno` varchar(20) NOT NULL,
  `cod_curso` int(11) NOT NULL,
  `nome_curso` varchar(50) NOT NULL,
  `periodo_letivo` varchar(10) NOT NULL,
  `email_aluno` varchar(255) NOT NULL,
  `turma` varchar(11) NOT NULL,
  `status_estagio` int(11) NOT NULL,
  `horas_necessarias` int(11) NOT NULL,
  `criado_em` datetime NOT NULL,
  `criado_por` varchar(255) NOT NULL,
  `editado_em` datetime NOT NULL,
  `editado_por` varchar(255) NOT NULL,
  `id_setor` int(11) DEFAULT NULL
) ENGINE=InnoDB DEFAULT CHARSET=utf8mb4 COLLATE=utf8mb4_general_ci;

--
-- Despejando dados para a tabela `aluno`
--

INSERT INTO `aluno` (`id_aluno`, `nome_aluno`, `matricula_aluno`, `telefone_aluno`, `cod_curso`, `nome_curso`, `periodo_letivo`, `email_aluno`, `turma`, `status_estagio`, `horas_necessarias`, `criado_em`, `criado_por`, `editado_em`, `editado_por`, `id_setor`) VALUES
(17, 'DARIO HUGO BALBINO DA CRUZ', '2016105444', 'Não cadastrado', 1016, 'MEDICINA VETERINÁRIA', '20242', 'dariohugo0897@gmail.com', 'VET108-10', 0, 480, '2024-09-25 15:21:12', '2016105444', '2024-09-25 15:21:12', '2016105444', 2),
(20, 'NAYANA SIMIÃO FIGUEIREDO', '2013102295', '88996942126', 1016, 'MEDICINA VETERINÁRIA', '20242', 'NAYANA_S.FIGUEIREDO@HOTMAIL.COM', 'VET108-10', 0, 480, '2024-09-26 15:54:15', '2013102295', '2024-09-26 15:54:15', '2013102295', 1),
(21, 'LÚCIA MARIA LINHARES DE ARAUJO', '2020119164', '87991658010', 1016, 'MEDICINA VETERINÁRIA', '20242', 'LUCIA.IFSERTAO@GMAIL.COM', 'VET304-10', 0, 480, '2024-09-26 16:02:01', '2020119164', '2024-09-26 16:02:01', '2020119164', 3),
(22, 'BIANCA MARANATHÁ SANTOS ROLIM', '2020119445', '88998065418', 1016, 'MEDICINA VETERINÁRIA', '20242', 'BIANCA2002MARANATHA@GMAIL.COM', 'VET108-10', 0, 480, '2024-09-26 16:02:10', '2020119445', '2024-09-26 16:02:10', '2020119445', 2);

-- --------------------------------------------------------

--
-- Estrutura para tabela `aluno_turno`
--

CREATE TABLE `aluno_turno` (
  `id_aluno_turno` int(11) NOT NULL,
  `id_aluno` int(11) NOT NULL,
  `id_turno` int(11) NOT NULL
) ENGINE=InnoDB DEFAULT CHARSET=utf8mb4 COLLATE=utf8mb4_general_ci;

--
-- Despejando dados para a tabela `aluno_turno`
--

INSERT INTO `aluno_turno` (`id_aluno_turno`, `id_aluno`, `id_turno`) VALUES
(1, 17, 1),
(2, 17, 2),
(3, 17, 3);

-- --------------------------------------------------------

--
-- Estrutura para tabela `coordenador`
--

CREATE TABLE `coordenador` (
  `id_coordenador` int(11) NOT NULL,
  `nome_coordenador` varchar(255) NOT NULL,
  `matricula_coordenador` varchar(20) NOT NULL,
  `nome_curso` varchar(50) NOT NULL,
  `cod_curso` int(11) NOT NULL,
  `criado_em` datetime NOT NULL,
  `criado_por` varchar(255) NOT NULL,
  `editado_em` datetime NOT NULL,
  `editado_por` varchar(255) NOT NULL
) ENGINE=InnoDB DEFAULT CHARSET=utf8mb4 COLLATE=utf8mb4_general_ci;

-- --------------------------------------------------------

--
-- Estrutura para tabela `registro_frequencia`
--

CREATE TABLE `registro_frequencia` (
  `id_registro` int(11) NOT NULL,
  `status_registro` int(11) NOT NULL,
  `data_referencia` date NOT NULL,
  `aprovado_por` varchar(255) DEFAULT NULL,
  `entrada_1` datetime DEFAULT NULL,
  `intervalo` datetime DEFAULT NULL,
  `volta_intervalo` datetime DEFAULT NULL,
  `saida_1` datetime DEFAULT NULL,
  `entrada_2` datetime DEFAULT NULL,
  `saida_2` datetime DEFAULT NULL,
  `criado_em` datetime NOT NULL,
  `criado_por` varchar(255) NOT NULL,
  `editado_em` datetime NOT NULL,
  `editado_por` varchar(255) NOT NULL,
  `id_aluno` int(11) NOT NULL,
  `id_setor` int(11) NOT NULL,
  `observacao_registro` text DEFAULT NULL
) ENGINE=InnoDB DEFAULT CHARSET=utf8mb4 COLLATE=utf8mb4_general_ci;

--
-- Despejando dados para a tabela `registro_frequencia`
--

INSERT INTO `registro_frequencia` (`id_registro`, `status_registro`, `data_referencia`, `aprovado_por`, `entrada_1`, `intervalo`, `volta_intervalo`, `saida_1`, `entrada_2`, `saida_2`, `criado_em`, `criado_por`, `editado_em`, `editado_por`, `id_aluno`, `id_setor`, `observacao_registro`) VALUES
(201, 0, '2024-08-05', NULL, '2024-08-05 08:00:00', '2024-08-05 10:00:00', '2024-08-05 10:30:00', '2024-08-05 12:30:00', '2024-08-05 18:00:00', '2024-08-05 20:00:00', '2024-09-30 15:06:39', 'usuario', '2024-09-30 15:06:39', 'usuario', 17, 1, NULL),
(202, 1, '2024-08-06', NULL, '2024-08-06 08:00:00', '2024-08-06 10:00:00', '2024-08-06 10:30:00', '2024-08-06 12:30:00', '2024-08-06 18:00:00', '2024-08-06 20:00:00', '2024-09-30 15:06:39', 'usuario', '2024-10-18 15:07:23', 'jonatas', 17, 1, NULL),
(203, 1, '2024-08-07', NULL, '2024-08-07 08:00:00', '2024-08-07 10:00:00', '2024-08-07 10:30:00', '2024-08-07 12:30:00', '2024-08-07 18:00:00', '2024-08-07 20:00:00', '2024-09-30 15:06:39', 'usuario', '2024-10-18 15:07:40', 'jonatas', 17, 1, NULL),
(204, 0, '2024-08-08', NULL, '2024-08-08 08:00:00', '2024-08-08 10:00:00', '2024-08-08 10:30:00', '2024-08-08 12:30:00', '2024-08-08 18:00:00', '2024-08-08 20:00:00', '2024-09-30 15:06:39', 'usuario', '2024-09-30 15:06:39', 'usuario', 17, 1, NULL),
(205, 0, '2024-08-09', NULL, '2024-08-09 08:00:00', '2024-08-09 10:00:00', '2024-08-09 10:30:00', '2024-08-09 12:30:00', '2024-08-09 18:00:00', '2024-08-09 20:00:00', '2024-09-30 15:06:39', 'usuario', '2024-09-30 15:06:39', 'usuario', 17, 1, NULL),
(206, 0, '2024-08-12', NULL, '2024-08-12 08:00:00', '2024-08-12 10:00:00', '2024-08-12 10:30:00', '2024-08-12 12:30:00', '2024-08-12 18:00:00', '2024-08-12 20:00:00', '2024-09-30 15:06:39', 'usuario', '2024-09-30 15:06:39', 'usuario', 17, 1, NULL),
(207, 0, '2024-08-13', NULL, '2024-08-13 08:00:00', '2024-08-13 10:00:00', '2024-08-13 10:30:00', '2024-08-13 12:30:00', '2024-08-13 18:00:00', '2024-08-13 20:00:00', '2024-09-30 15:06:39', 'usuario', '2024-09-30 15:06:39', 'usuario', 17, 1, NULL),
(208, 0, '2024-08-14', NULL, '2024-08-14 08:00:00', '2024-08-14 10:00:00', '2024-08-14 10:30:00', '2024-08-14 12:30:00', '2024-08-14 18:00:00', '2024-08-14 20:00:00', '2024-09-30 15:06:39', 'usuario', '2024-09-30 15:06:39', 'usuario', 17, 1, NULL),
(209, 0, '2024-08-15', NULL, '2024-08-15 08:00:00', '2024-08-15 10:00:00', '2024-08-15 10:30:00', '2024-08-15 12:30:00', '2024-08-15 18:00:00', '2024-08-15 20:00:00', '2024-09-30 15:06:39', 'usuario', '2024-09-30 15:06:39', 'usuario', 17, 1, NULL),
(210, 0, '2024-08-16', NULL, '2024-08-16 08:00:00', '2024-08-16 10:00:00', '2024-08-16 10:30:00', '2024-08-16 12:30:00', '2024-08-16 18:00:00', '2024-08-16 20:00:00', '2024-09-30 15:06:39', 'usuario', '2024-09-30 15:06:39', 'usuario', 17, 1, NULL),
(211, 0, '2024-08-19', NULL, '2024-08-19 08:00:00', '2024-08-19 10:00:00', '2024-08-19 10:30:00', '2024-08-19 12:30:00', '2024-08-19 18:00:00', '2024-08-19 20:00:00', '2024-09-30 15:06:39', 'usuario', '2024-09-30 15:06:39', 'usuario', 17, 1, NULL),
(212, 0, '2024-08-20', NULL, '2024-08-20 08:00:00', '2024-08-20 10:00:00', '2024-08-20 10:30:00', '2024-08-20 12:30:00', '2024-08-20 18:00:00', '2024-08-20 20:00:00', '2024-09-30 15:06:39', 'usuario', '2024-09-30 15:06:39', 'usuario', 17, 1, NULL),
(213, 0, '2024-08-21', NULL, '2024-08-21 08:00:00', '2024-08-21 10:00:00', '2024-08-21 10:30:00', '2024-08-21 12:30:00', '2024-08-21 18:00:00', '2024-08-21 20:00:00', '2024-09-30 15:06:39', 'usuario', '2024-09-30 15:06:39', 'usuario', 17, 1, NULL),
(214, 0, '2024-08-22', NULL, '2024-08-22 08:00:00', '2024-08-22 10:00:00', '2024-08-22 10:30:00', '2024-08-22 12:30:00', '2024-08-22 18:00:00', '2024-08-22 20:00:00', '2024-09-30 15:08:59', 'usuario', '2024-09-30 15:08:59', 'usuario', 17, 1, NULL),
(215, 0, '2024-08-23', NULL, '2024-08-23 08:00:00', '2024-08-23 10:00:00', '2024-08-23 10:30:00', '2024-08-23 12:30:00', '2024-08-23 18:00:00', '2024-08-23 20:00:00', '2024-09-30 15:08:59', 'usuario', '2024-09-30 15:08:59', 'usuario', 17, 1, NULL),
(216, 0, '2024-08-26', NULL, '2024-08-26 08:00:00', '2024-08-26 10:00:00', '2024-08-26 10:30:00', '2024-08-26 12:30:00', '2024-08-26 18:00:00', '2024-08-26 20:00:00', '2024-09-30 15:08:59', 'usuario', '2024-09-30 15:08:59', 'usuario', 17, 1, NULL),
(217, 0, '2024-08-27', NULL, '2024-08-27 08:00:00', '2024-08-27 10:00:00', '2024-08-27 10:30:00', '2024-08-27 12:30:00', '2024-08-27 18:00:00', '2024-08-27 20:00:00', '2024-09-30 15:08:59', 'usuario', '2024-09-30 15:08:59', 'usuario', 17, 1, NULL),
(218, 0, '2024-08-28', NULL, '2024-08-28 08:00:00', '2024-08-28 10:00:00', '2024-08-28 10:30:00', '2024-08-28 12:30:00', '2024-08-28 18:00:00', '2024-08-28 20:00:00', '2024-09-30 15:08:59', 'usuario', '2024-09-30 15:08:59', 'usuario', 17, 1, NULL),
(219, 0, '2024-08-29', NULL, '2024-08-29 08:00:00', '2024-08-29 10:00:00', '2024-08-29 10:30:00', '2024-08-29 12:30:00', '2024-08-29 18:00:00', '2024-08-29 20:00:00', '2024-09-30 15:08:59', 'usuario', '2024-09-30 15:08:59', 'usuario', 17, 1, NULL),
(220, 0, '2024-08-30', NULL, '2024-08-30 08:00:00', '2024-08-30 10:00:00', '2024-08-30 10:30:00', '2024-08-30 12:30:00', '2024-08-30 18:00:00', '2024-08-30 20:00:00', '2024-09-30 15:08:59', 'usuario', '2024-09-30 15:08:59', 'usuario', 17, 1, NULL),
(221, 1, '2024-09-02', NULL, '2024-09-02 08:00:00', '2024-09-02 10:00:00', '2024-09-02 10:30:00', '2024-09-02 12:30:00', '2024-09-02 18:00:00', '2024-09-02 20:00:00', '2024-09-30 15:12:03', 'usuario', '2024-10-18 15:05:10', '', 17, 1, NULL),
(222, 1, '2024-09-03', NULL, '2024-09-03 08:00:00', '2024-09-03 10:00:00', '2024-09-03 10:30:00', '2024-09-03 12:30:00', '2024-09-03 18:00:00', '2024-09-03 20:00:00', '2024-09-30 15:12:03', 'usuario', '2024-10-18 15:06:00', 'jonatas', 17, 1, NULL),
(223, 0, '2024-09-04', NULL, '2024-09-04 08:00:00', '2024-09-04 10:00:00', '2024-09-04 10:30:00', '2024-09-04 12:30:00', '2024-09-04 18:00:00', '2024-09-04 20:00:00', '2024-09-30 15:12:03', 'usuario', '2024-09-30 15:12:03', 'usuario', 17, 1, NULL),
(224, 0, '2024-09-05', NULL, '2024-09-05 08:00:00', '2024-09-05 10:00:00', '2024-09-05 10:30:00', '2024-09-05 12:30:00', '2024-09-05 18:00:00', '2024-09-05 20:00:00', '2024-09-30 15:12:03', 'usuario', '2024-09-30 15:12:03', 'usuario', 17, 1, NULL),
(225, 0, '2024-09-06', NULL, '2024-09-06 08:00:00', '2024-09-06 10:00:00', '2024-09-06 10:30:00', '2024-09-06 12:30:00', '2024-09-06 18:00:00', '2024-09-06 20:00:00', '2024-09-30 15:12:03', 'usuario', '2024-09-30 15:12:03', 'usuario', 17, 1, NULL),
(226, 0, '2024-09-09', NULL, '2024-09-09 08:00:00', '2024-09-09 10:00:00', '2024-09-09 10:30:00', '2024-09-09 12:30:00', '2024-09-09 18:00:00', '2024-09-09 20:00:00', '2024-09-30 15:12:03', 'usuario', '2024-09-30 15:12:03', 'usuario', 17, 1, NULL),
(227, 0, '2024-09-10', NULL, '2024-09-10 08:00:00', '2024-09-10 10:00:00', '2024-09-10 10:30:00', '2024-09-10 12:30:00', '2024-09-10 18:00:00', '2024-09-10 20:00:00', '2024-09-30 15:12:03', 'usuario', '2024-09-30 15:12:03', 'usuario', 17, 1, NULL),
(228, 0, '2024-09-11', NULL, '2024-09-11 08:00:00', '2024-09-11 10:00:00', '2024-09-11 10:30:00', '2024-09-11 12:30:00', '2024-09-11 18:00:00', '2024-09-11 20:00:00', '2024-09-30 15:12:03', 'usuario', '2024-09-30 15:12:03', 'usuario', 17, 1, NULL),
(229, 0, '2024-09-12', NULL, '2024-09-12 08:00:00', '2024-09-12 10:00:00', '2024-09-12 10:30:00', '2024-09-12 12:30:00', '2024-09-12 18:00:00', '2024-09-12 20:00:00', '2024-09-30 15:12:03', 'usuario', '2024-09-30 15:12:03', 'usuario', 17, 1, NULL),
(230, 0, '2024-09-13', NULL, '2024-09-13 08:00:00', '2024-09-13 10:00:00', '2024-09-13 10:30:00', '2024-09-13 12:30:00', '2024-09-13 18:00:00', '2024-09-13 20:00:00', '2024-09-30 15:12:03', 'usuario', '2024-09-30 15:12:03', 'usuario', 17, 1, NULL),
(231, 0, '2024-09-16', NULL, '2024-09-16 08:00:00', '2024-09-16 10:00:00', '2024-09-16 10:30:00', '2024-09-16 12:30:00', '2024-09-16 18:00:00', '2024-09-16 20:00:00', '2024-09-30 15:12:03', 'usuario', '2024-09-30 15:12:03', 'usuario', 17, 2, NULL),
(232, 0, '2024-09-17', NULL, '2024-09-17 08:00:00', '2024-09-17 10:00:00', '2024-09-17 10:30:00', '2024-09-17 12:30:00', '2024-09-17 18:00:00', '2024-09-17 20:00:00', '2024-09-30 15:12:03', 'usuario', '2024-09-30 15:12:03', 'usuario', 17, 2, NULL),
(233, 0, '2024-09-18', NULL, '2024-09-18 08:00:00', '2024-09-18 10:00:00', '2024-09-18 10:30:00', '2024-09-18 12:30:00', '2024-09-18 18:00:00', '2024-09-18 20:00:00', '2024-09-30 15:12:03', 'usuario', '2024-09-30 15:12:03', 'usuario', 17, 2, NULL),
(234, 0, '2024-09-19', NULL, '2024-09-19 08:00:00', '2024-09-19 10:00:00', '2024-09-19 10:30:00', '2024-09-19 12:30:00', '2024-09-19 18:00:00', '2024-09-19 20:00:00', '2024-09-30 15:12:03', 'usuario', '2024-09-30 15:12:03', 'usuario', 17, 2, NULL),
(235, 0, '2024-09-20', NULL, '2024-09-20 08:00:00', '2024-09-20 10:00:00', '2024-09-20 10:30:00', '2024-09-20 12:30:00', '2024-09-20 18:00:00', '2024-09-20 20:00:00', '2024-09-30 15:12:03', 'usuario', '2024-09-30 15:12:03', 'usuario', 17, 2, NULL),
(236, 0, '2024-09-23', NULL, '2024-09-23 08:00:00', '2024-09-23 10:00:00', '2024-09-23 10:30:00', '2024-09-23 12:30:00', '2024-09-23 18:00:00', '2024-09-23 20:00:00', '2024-09-30 15:12:03', 'usuario', '2024-09-30 15:12:03', 'usuario', 17, 2, NULL),
(237, 0, '2024-09-24', NULL, '2024-09-24 08:00:00', '2024-09-24 10:00:00', '2024-09-24 10:30:00', '2024-09-24 12:30:00', '2024-09-24 18:00:00', '2024-09-24 20:00:00', '2024-09-30 15:12:03', 'usuario', '2024-09-30 15:12:03', 'usuario', 17, 2, NULL),
(238, 0, '2024-09-25', NULL, '2024-09-25 08:00:00', '2024-09-25 10:00:00', '2024-09-25 10:30:00', '2024-09-25 12:30:00', '2024-09-25 18:00:00', '2024-09-25 20:00:00', '2024-09-30 15:12:03', 'usuario', '2024-09-30 15:12:03', 'usuario', 17, 2, NULL),
(239, 0, '2024-09-26', NULL, '2024-09-26 08:00:00', '2024-09-26 10:00:00', '2024-09-26 10:30:00', '2024-09-26 12:30:00', '2024-09-26 18:00:00', '2024-09-26 20:00:00', '2024-09-30 15:12:03', 'usuario', '2024-09-30 15:12:03', 'usuario', 17, 2, NULL),
(240, 0, '2024-09-27', NULL, '2024-09-27 08:00:00', '2024-09-27 10:00:00', '2024-09-27 10:30:00', '2024-09-27 12:30:00', '2024-09-27 18:00:00', '2024-09-27 20:00:00', '2024-09-30 15:12:03', 'usuario', '2024-09-30 15:12:03', 'usuario', 17, 2, NULL),
(241, 1, '2024-09-30', NULL, '2024-09-30 08:00:00', '2024-09-30 10:00:00', '2024-09-30 10:30:00', '2024-09-30 12:30:00', '2024-09-30 18:00:00', '2024-09-30 20:00:00', '2024-09-30 15:12:03', 'usuario', '2024-10-18 15:04:54', '', 17, 2, NULL),
(242, 0, '2024-09-02', NULL, '2024-09-02 08:00:00', '2024-09-02 11:00:00', '2024-09-02 11:30:00', '2024-09-02 13:30:00', NULL, NULL, '2024-09-30 15:33:55', 'usuario', '2024-09-30 15:33:55', 'usuario', 20, 3, NULL),
(243, 0, '2024-09-03', NULL, '2024-09-03 08:00:00', '2024-09-03 11:00:00', '2024-09-03 11:30:00', '2024-09-03 13:30:00', NULL, NULL, '2024-09-30 15:33:55', 'usuario', '2024-09-30 15:33:55', 'usuario', 20, 3, NULL),
(244, 0, '2024-09-04', NULL, '2024-09-04 08:00:00', '2024-09-04 11:00:00', '2024-09-04 11:30:00', '2024-09-04 13:30:00', NULL, NULL, '2024-09-30 15:33:55', 'usuario', '2024-09-30 15:33:55', 'usuario', 20, 3, NULL),
(245, 0, '2024-09-05', NULL, '2024-09-05 08:00:00', '2024-09-05 11:00:00', '2024-09-05 11:30:00', '2024-09-05 13:30:00', NULL, NULL, '2024-09-30 15:33:55', 'usuario', '2024-09-30 15:33:55', 'usuario', 20, 3, NULL),
(246, 0, '2024-09-06', NULL, '2024-09-06 08:00:00', '2024-09-06 11:00:00', '2024-09-06 11:30:00', '2024-09-06 13:30:00', NULL, NULL, '2024-09-30 15:33:55', 'usuario', '2024-09-30 15:33:55', 'usuario', 20, 3, NULL),
(247, 0, '2024-09-09', NULL, '2024-09-09 08:00:00', '2024-09-09 11:00:00', '2024-09-09 11:30:00', '2024-09-09 13:30:00', NULL, NULL, '2024-09-30 15:33:55', 'usuario', '2024-09-30 15:33:55', 'usuario', 20, 3, NULL),
(248, 0, '2024-09-10', NULL, '2024-09-10 08:00:00', '2024-09-10 11:00:00', '2024-09-10 11:30:00', '2024-09-10 13:30:00', NULL, NULL, '2024-09-30 15:33:55', 'usuario', '2024-09-30 15:33:55', 'usuario', 20, 3, NULL),
(249, 0, '2024-09-11', NULL, '2024-09-11 08:00:00', '2024-09-11 11:00:00', '2024-09-11 11:30:00', '2024-09-11 13:30:00', NULL, NULL, '2024-09-30 15:33:55', 'usuario', '2024-09-30 15:33:55', 'usuario', 20, 3, NULL),
(250, 0, '2024-09-12', NULL, '2024-09-12 08:00:00', '2024-09-12 11:00:00', '2024-09-12 11:30:00', '2024-09-12 13:30:00', NULL, NULL, '2024-09-30 15:33:55', 'usuario', '2024-09-30 15:33:55', 'usuario', 20, 3, NULL),
(251, 0, '2024-09-13', NULL, '2024-09-13 08:00:00', '2024-09-13 11:00:00', '2024-09-13 11:30:00', '2024-09-13 13:30:00', NULL, NULL, '2024-09-30 15:33:55', 'usuario', '2024-09-30 15:33:55', 'usuario', 20, 3, NULL),
(252, 0, '2024-09-16', NULL, '2024-09-16 08:00:00', '2024-09-16 11:00:00', '2024-09-16 11:30:00', '2024-09-16 13:30:00', NULL, NULL, '2024-09-30 15:33:55', 'usuario', '2024-09-30 15:33:55', 'usuario', 20, 3, NULL),
(253, 0, '2024-09-17', NULL, '2024-09-17 08:00:00', '2024-09-17 11:00:00', '2024-09-17 11:30:00', '2024-09-17 13:30:00', NULL, NULL, '2024-09-30 15:33:55', 'usuario', '2024-09-30 15:33:55', 'usuario', 20, 3, NULL),
(254, 0, '2024-09-18', NULL, '2024-09-18 08:00:00', '2024-09-18 11:00:00', '2024-09-18 11:30:00', '2024-09-18 13:30:00', NULL, NULL, '2024-09-30 15:33:55', 'usuario', '2024-09-30 15:33:55', 'usuario', 20, 3, NULL),
(255, 0, '2024-09-19', NULL, '2024-09-19 08:00:00', '2024-09-19 11:00:00', '2024-09-19 11:30:00', '2024-09-19 13:30:00', NULL, NULL, '2024-09-30 15:33:55', 'usuario', '2024-09-30 15:33:55', 'usuario', 20, 3, NULL),
(256, 0, '2024-09-20', NULL, '2024-09-20 08:00:00', '2024-09-20 11:00:00', '2024-09-20 11:30:00', '2024-09-20 13:30:00', NULL, NULL, '2024-09-30 15:33:55', 'usuario', '2024-09-30 15:33:55', 'usuario', 20, 3, NULL),
(257, 0, '2024-09-23', NULL, '2024-09-23 08:00:00', '2024-09-23 11:00:00', '2024-09-23 11:30:00', '2024-09-23 13:30:00', NULL, NULL, '2024-09-30 15:33:55', 'usuario', '2024-09-30 15:33:55', 'usuario', 20, 3, NULL),
(258, 0, '2024-09-24', NULL, '2024-09-24 08:00:00', '2024-09-24 11:00:00', '2024-09-24 11:30:00', '2024-09-24 13:30:00', NULL, NULL, '2024-09-30 15:33:55', 'usuario', '2024-09-30 15:33:55', 'usuario', 20, 3, NULL),
(259, 0, '2024-09-25', NULL, '2024-09-25 08:00:00', '2024-09-25 11:00:00', '2024-09-25 11:30:00', '2024-09-25 13:30:00', NULL, NULL, '2024-09-30 15:33:55', 'usuario', '2024-09-30 15:33:55', 'usuario', 20, 3, NULL),
(260, 0, '2024-09-26', NULL, '2024-09-26 08:00:00', '2024-09-26 11:00:00', '2024-09-26 11:30:00', '2024-09-26 13:30:00', NULL, NULL, '2024-09-30 15:33:55', 'usuario', '2024-09-30 15:33:55', 'usuario', 20, 3, NULL),
(261, 0, '2024-09-27', NULL, '2024-09-27 08:00:00', '2024-09-27 11:00:00', '2024-09-27 11:30:00', '2024-09-27 13:30:00', NULL, NULL, '2024-09-30 15:36:22', 'usuario', '2024-09-30 15:36:22', 'usuario', 20, 3, NULL),
(262, 0, '2024-09-30', NULL, '2024-09-30 08:00:00', '2024-09-30 11:00:00', '2024-09-30 11:30:00', '2024-09-30 13:30:00', NULL, NULL, '2024-09-30 15:36:22', 'usuario', '2024-09-30 15:36:22', 'usuario', 20, 3, NULL),
(263, 0, '2024-08-05', NULL, '2024-08-05 08:00:00', '2024-08-05 11:00:00', '2024-08-05 11:30:00', '2024-08-05 13:30:00', NULL, NULL, '2024-09-30 15:48:19', 'usuario', '2024-09-30 15:48:19', 'usuario', 20, 2, NULL),
(264, 0, '2024-08-06', NULL, '2024-08-06 08:00:00', '2024-08-06 11:00:00', '2024-08-06 11:30:00', '2024-08-06 13:30:00', NULL, NULL, '2024-09-30 15:48:19', 'usuario', '2024-09-30 15:48:19', 'usuario', 20, 2, NULL),
(265, 0, '2024-08-07', NULL, '2024-08-07 08:00:00', '2024-08-07 11:00:00', '2024-08-07 11:30:00', '2024-08-07 13:30:00', NULL, NULL, '2024-09-30 15:48:19', 'usuario', '2024-09-30 15:48:19', 'usuario', 20, 2, NULL),
(266, 0, '2024-08-08', NULL, '2024-08-08 08:00:00', '2024-08-08 11:00:00', '2024-08-08 11:30:00', '2024-08-08 13:30:00', NULL, NULL, '2024-09-30 15:48:19', 'usuario', '2024-09-30 15:48:19', 'usuario', 20, 2, NULL),
(267, 0, '2024-08-09', NULL, '2024-08-09 08:00:00', '2024-08-09 11:00:00', '2024-08-09 11:30:00', '2024-08-09 13:30:00', NULL, NULL, '2024-09-30 15:48:19', 'usuario', '2024-09-30 15:48:19', 'usuario', 20, 2, NULL),
(268, 0, '2024-08-12', NULL, '2024-08-12 08:00:00', '2024-08-12 11:00:00', '2024-08-12 11:30:00', '2024-08-12 13:30:00', NULL, NULL, '2024-09-30 15:48:19', 'usuario', '2024-09-30 15:48:19', 'usuario', 20, 2, NULL),
(269, 0, '2024-08-13', NULL, '2024-08-13 08:00:00', '2024-08-13 11:00:00', '2024-08-13 11:30:00', '2024-08-13 13:30:00', NULL, NULL, '2024-09-30 15:48:19', 'usuario', '2024-09-30 15:48:19', 'usuario', 20, 2, NULL),
(270, 0, '2024-08-14', NULL, '2024-08-14 08:00:00', '2024-08-14 11:00:00', '2024-08-14 11:30:00', '2024-08-14 13:30:00', NULL, NULL, '2024-09-30 15:48:19', 'usuario', '2024-09-30 15:48:19', 'usuario', 20, 2, NULL),
(271, 0, '2024-08-15', NULL, '2024-08-15 08:00:00', '2024-08-15 11:00:00', '2024-08-15 11:30:00', '2024-08-15 13:30:00', NULL, NULL, '2024-09-30 15:48:19', 'usuario', '2024-09-30 15:48:19', 'usuario', 20, 2, NULL),
(272, 0, '2024-08-16', NULL, '2024-08-16 08:00:00', '2024-08-16 11:00:00', '2024-08-16 11:30:00', '2024-08-16 13:30:00', NULL, NULL, '2024-09-30 15:48:19', 'usuario', '2024-09-30 15:48:19', 'usuario', 20, 2, NULL),
(273, 0, '2024-08-19', NULL, '2024-08-19 08:00:00', '2024-08-19 11:00:00', '2024-08-19 11:30:00', '2024-08-19 13:30:00', NULL, NULL, '2024-09-30 15:48:19', 'usuario', '2024-09-30 15:48:19', 'usuario', 20, 2, NULL),
(274, 0, '2024-08-20', NULL, '2024-08-20 08:00:00', '2024-08-20 11:00:00', '2024-08-20 11:30:00', '2024-08-20 13:30:00', NULL, NULL, '2024-09-30 15:48:19', 'usuario', '2024-09-30 15:48:19', 'usuario', 20, 2, NULL),
(275, 0, '2024-08-21', NULL, '2024-08-21 08:00:00', '2024-08-21 11:00:00', '2024-08-21 11:30:00', '2024-08-21 13:30:00', NULL, NULL, '2024-09-30 15:48:19', 'usuario', '2024-09-30 15:48:19', 'usuario', 20, 2, NULL),
(276, 0, '2024-08-22', NULL, '2024-08-22 08:00:00', '2024-08-22 11:00:00', '2024-08-22 11:30:00', '2024-08-22 13:30:00', NULL, NULL, '2024-09-30 15:48:19', 'usuario', '2024-09-30 15:48:19', 'usuario', 20, 2, NULL),
(277, 0, '2024-08-23', NULL, '2024-08-23 08:00:00', '2024-08-23 11:00:00', '2024-08-23 11:30:00', '2024-08-23 13:30:00', NULL, NULL, '2024-09-30 15:48:19', 'usuario', '2024-09-30 15:48:19', 'usuario', 20, 2, NULL),
(278, 0, '2024-08-26', NULL, '2024-08-26 08:00:00', '2024-08-26 11:00:00', '2024-08-26 11:30:00', '2024-08-26 13:30:00', NULL, NULL, '2024-09-30 15:48:19', 'usuario', '2024-09-30 15:48:19', 'usuario', 20, 2, NULL),
(279, 0, '2024-08-27', NULL, '2024-08-27 08:00:00', '2024-08-27 11:00:00', '2024-08-27 11:30:00', '2024-08-27 13:30:00', NULL, NULL, '2024-09-30 15:48:19', 'usuario', '2024-09-30 15:48:19', 'usuario', 20, 2, NULL),
(280, 0, '2024-08-28', NULL, '2024-08-28 08:00:00', '2024-08-28 11:00:00', '2024-08-28 11:30:00', '2024-08-28 13:30:00', NULL, NULL, '2024-09-30 15:48:19', 'usuario', '2024-09-30 15:48:19', 'usuario', 20, 2, NULL),
(281, 0, '2024-08-29', NULL, '2024-08-29 08:00:00', '2024-08-29 11:00:00', '2024-08-29 11:30:00', '2024-08-29 13:30:00', NULL, NULL, '2024-09-30 15:48:19', 'usuario', '2024-09-30 15:48:19', 'usuario', 20, 2, NULL),
(282, 0, '2024-08-30', NULL, '2024-08-30 08:00:00', '2024-08-30 11:00:00', '2024-08-30 11:30:00', '2024-08-30 13:30:00', NULL, NULL, '2024-09-30 15:48:19', 'usuario', '2024-09-30 15:48:19', 'usuario', 20, 2, NULL),
(283, 0, '2024-08-05', NULL, '2024-08-05 08:00:00', '2024-08-05 11:00:00', '2024-08-05 11:30:00', '2024-08-05 13:30:00', NULL, NULL, '2024-09-30 15:51:32', 'usuario', '2024-09-30 15:51:32', 'usuario', 21, 3, NULL),
(284, 0, '2024-08-06', NULL, '2024-08-06 08:00:00', '2024-08-06 11:00:00', '2024-08-06 11:30:00', '2024-08-06 13:30:00', NULL, NULL, '2024-09-30 15:51:32', 'usuario', '2024-09-30 15:51:32', 'usuario', 21, 3, NULL),
(285, 0, '2024-08-07', NULL, '2024-08-07 08:00:00', '2024-08-07 11:00:00', '2024-08-07 11:30:00', '2024-08-07 13:30:00', NULL, NULL, '2024-09-30 15:51:32', 'usuario', '2024-09-30 15:51:32', 'usuario', 21, 3, NULL),
(286, 0, '2024-08-08', NULL, '2024-08-08 08:00:00', '2024-08-08 11:00:00', '2024-08-08 11:30:00', '2024-08-08 13:30:00', NULL, NULL, '2024-09-30 15:51:32', 'usuario', '2024-09-30 15:51:32', 'usuario', 21, 3, NULL),
(287, 0, '2024-08-09', NULL, '2024-08-09 08:00:00', '2024-08-09 11:00:00', '2024-08-09 11:30:00', '2024-08-09 13:30:00', NULL, NULL, '2024-09-30 15:51:32', 'usuario', '2024-09-30 15:51:32', 'usuario', 21, 3, NULL),
(288, 0, '2024-08-12', NULL, '2024-08-12 08:00:00', '2024-08-12 11:00:00', '2024-08-12 11:30:00', '2024-08-12 13:30:00', NULL, NULL, '2024-09-30 15:51:32', 'usuario', '2024-09-30 15:51:32', 'usuario', 21, 3, NULL),
(289, 0, '2024-08-13', NULL, '2024-08-13 08:00:00', '2024-08-13 11:00:00', '2024-08-13 11:30:00', '2024-08-13 13:30:00', NULL, NULL, '2024-09-30 15:51:32', 'usuario', '2024-09-30 15:51:32', 'usuario', 21, 3, NULL),
(290, 0, '2024-08-14', NULL, '2024-08-14 08:00:00', '2024-08-14 11:00:00', '2024-08-14 11:30:00', '2024-08-14 13:30:00', NULL, NULL, '2024-09-30 15:51:32', 'usuario', '2024-09-30 15:51:32', 'usuario', 21, 3, NULL),
(291, 0, '2024-08-15', NULL, '2024-08-15 08:00:00', '2024-08-15 11:00:00', '2024-08-15 11:30:00', '2024-08-15 13:30:00', NULL, NULL, '2024-09-30 15:51:32', 'usuario', '2024-09-30 15:51:32', 'usuario', 21, 3, NULL),
(292, 0, '2024-08-16', NULL, '2024-08-16 08:00:00', '2024-08-16 11:00:00', '2024-08-16 11:30:00', '2024-08-16 13:30:00', NULL, NULL, '2024-09-30 15:51:32', 'usuario', '2024-09-30 15:51:32', 'usuario', 21, 3, NULL),
(293, 0, '2024-08-19', NULL, '2024-08-19 08:00:00', '2024-08-19 11:00:00', '2024-08-19 11:30:00', '2024-08-19 13:30:00', NULL, NULL, '2024-09-30 15:51:32', 'usuario', '2024-09-30 15:51:32', 'usuario', 21, 3, NULL),
(294, 0, '2024-08-20', NULL, '2024-08-20 08:00:00', '2024-08-20 11:00:00', '2024-08-20 11:30:00', '2024-08-20 13:30:00', NULL, NULL, '2024-09-30 15:51:32', 'usuario', '2024-09-30 15:51:32', 'usuario', 21, 3, NULL),
(295, 0, '2024-08-21', NULL, '2024-08-21 08:00:00', '2024-08-21 11:00:00', '2024-08-21 11:30:00', '2024-08-21 13:30:00', NULL, NULL, '2024-09-30 15:51:32', 'usuario', '2024-09-30 15:51:32', 'usuario', 21, 3, NULL),
(296, 0, '2024-08-22', NULL, '2024-08-22 08:00:00', '2024-08-22 11:00:00', '2024-08-22 11:30:00', '2024-08-22 13:30:00', NULL, NULL, '2024-09-30 15:51:32', 'usuario', '2024-09-30 15:51:32', 'usuario', 21, 3, NULL),
(297, 0, '2024-08-23', NULL, '2024-08-23 08:00:00', '2024-08-23 11:00:00', '2024-08-23 11:30:00', '2024-08-23 13:30:00', NULL, NULL, '2024-09-30 15:51:32', 'usuario', '2024-09-30 15:51:32', 'usuario', 21, 3, NULL),
(298, 0, '2024-08-26', NULL, '2024-08-26 08:00:00', '2024-08-26 11:00:00', '2024-08-26 11:30:00', '2024-08-26 13:30:00', NULL, NULL, '2024-09-30 15:51:32', 'usuario', '2024-09-30 15:51:32', 'usuario', 21, 3, NULL),
(299, 0, '2024-08-27', NULL, '2024-08-27 08:00:00', '2024-08-27 11:00:00', '2024-08-27 11:30:00', '2024-08-27 13:30:00', NULL, NULL, '2024-09-30 15:51:32', 'usuario', '2024-09-30 15:51:32', 'usuario', 21, 3, NULL),
(300, 0, '2024-08-28', NULL, '2024-08-28 08:00:00', '2024-08-28 11:00:00', '2024-08-28 11:30:00', '2024-08-28 13:30:00', NULL, NULL, '2024-09-30 15:51:32', 'usuario', '2024-09-30 15:51:32', 'usuario', 21, 3, NULL),
(301, 0, '2024-08-29', NULL, '2024-08-29 08:00:00', '2024-08-29 11:00:00', '2024-08-29 11:30:00', '2024-08-29 13:30:00', NULL, NULL, '2024-09-30 15:51:32', 'usuario', '2024-09-30 15:51:32', 'usuario', 21, 3, NULL),
(302, 0, '2024-08-30', NULL, '2024-08-30 08:00:00', '2024-08-30 11:00:00', '2024-08-30 11:30:00', '2024-08-30 13:30:00', NULL, NULL, '2024-09-30 15:51:32', 'usuario', '2024-09-30 15:51:32', 'usuario', 21, 3, NULL),
(303, 0, '2024-08-05', NULL, '2024-08-05 08:00:00', '2024-08-05 11:00:00', '2024-08-05 11:30:00', '2024-08-05 13:30:00', NULL, NULL, '2024-09-30 15:54:48', 'usuario', '2024-09-30 15:54:48', 'usuario', 22, 3, NULL),
(304, 0, '2024-08-06', NULL, '2024-08-06 08:00:00', '2024-08-06 11:00:00', '2024-08-06 11:30:00', '2024-08-06 13:30:00', NULL, NULL, '2024-09-30 15:54:48', 'usuario', '2024-09-30 15:54:48', 'usuario', 22, 3, NULL),
(305, 0, '2024-08-07', NULL, '2024-08-07 08:00:00', '2024-08-07 11:00:00', '2024-08-07 11:30:00', '2024-08-07 13:30:00', NULL, NULL, '2024-09-30 15:54:48', 'usuario', '2024-09-30 15:54:48', 'usuario', 22, 3, NULL),
(306, 0, '2024-08-08', NULL, '2024-08-08 08:00:00', '2024-08-08 11:00:00', '2024-08-08 11:30:00', '2024-08-08 13:30:00', NULL, NULL, '2024-09-30 15:54:48', 'usuario', '2024-09-30 15:54:48', 'usuario', 22, 3, NULL),
(307, 0, '2024-08-09', NULL, '2024-08-09 08:00:00', '2024-08-09 11:00:00', '2024-08-09 11:30:00', '2024-08-09 13:30:00', NULL, NULL, '2024-09-30 15:54:48', 'usuario', '2024-09-30 15:54:48', 'usuario', 22, 3, NULL),
(308, 0, '2024-08-12', NULL, '2024-08-12 08:00:00', '2024-08-12 11:00:00', '2024-08-12 11:30:00', '2024-08-12 13:30:00', NULL, NULL, '2024-09-30 15:54:48', 'usuario', '2024-09-30 15:54:48', 'usuario', 22, 3, NULL),
(309, 0, '2024-08-13', NULL, '2024-08-13 08:00:00', '2024-08-13 11:00:00', '2024-08-13 11:30:00', '2024-08-13 13:30:00', NULL, NULL, '2024-09-30 15:54:48', 'usuario', '2024-09-30 15:54:48', 'usuario', 22, 3, NULL),
(310, 0, '2024-08-14', NULL, '2024-08-14 08:00:00', '2024-08-14 11:00:00', '2024-08-14 11:30:00', '2024-08-14 13:30:00', NULL, NULL, '2024-09-30 15:54:48', 'usuario', '2024-09-30 15:54:48', 'usuario', 22, 3, NULL),
(311, 0, '2024-08-15', NULL, '2024-08-15 08:00:00', '2024-08-15 11:00:00', '2024-08-15 11:30:00', '2024-08-15 13:30:00', NULL, NULL, '2024-09-30 15:54:48', 'usuario', '2024-09-30 15:54:48', 'usuario', 22, 3, NULL),
(312, 0, '2024-08-16', NULL, '2024-08-16 08:00:00', '2024-08-16 11:00:00', '2024-08-16 11:30:00', '2024-08-16 13:30:00', NULL, NULL, '2024-09-30 15:54:48', 'usuario', '2024-09-30 15:54:48', 'usuario', 22, 3, NULL),
(313, 0, '2024-08-19', NULL, '2024-08-19 08:00:00', '2024-08-19 11:00:00', '2024-08-19 11:30:00', '2024-08-19 13:30:00', NULL, NULL, '2024-09-30 15:54:48', 'usuario', '2024-09-30 15:54:48', 'usuario', 22, 3, NULL),
(314, 0, '2024-08-20', NULL, '2024-08-20 08:00:00', '2024-08-20 11:00:00', '2024-08-20 11:30:00', '2024-08-20 13:30:00', NULL, NULL, '2024-09-30 15:54:48', 'usuario', '2024-09-30 15:54:48', 'usuario', 22, 3, NULL),
(315, 0, '2024-08-21', NULL, '2024-08-21 08:00:00', '2024-08-21 11:00:00', '2024-08-21 11:30:00', '2024-08-21 13:30:00', NULL, NULL, '2024-09-30 15:54:48', 'usuario', '2024-09-30 15:54:48', 'usuario', 22, 3, NULL),
(316, 0, '2024-08-22', NULL, '2024-08-22 08:00:00', '2024-08-22 11:00:00', '2024-08-22 11:30:00', '2024-08-22 13:30:00', NULL, NULL, '2024-09-30 15:54:48', 'usuario', '2024-09-30 15:54:48', 'usuario', 22, 3, NULL),
(317, 0, '2024-08-23', NULL, '2024-08-23 08:00:00', '2024-08-23 11:00:00', '2024-08-23 11:30:00', '2024-08-23 13:30:00', NULL, NULL, '2024-09-30 15:54:48', 'usuario', '2024-09-30 15:54:48', 'usuario', 22, 3, NULL),
(318, 0, '2024-08-26', NULL, '2024-08-26 08:00:00', '2024-08-26 11:00:00', '2024-08-26 11:30:00', '2024-08-26 13:30:00', NULL, NULL, '2024-09-30 15:54:48', 'usuario', '2024-09-30 15:54:48', 'usuario', 22, 3, NULL),
(319, 0, '2024-08-27', NULL, '2024-08-27 08:00:00', '2024-08-27 11:00:00', '2024-08-27 11:30:00', '2024-08-27 13:30:00', NULL, NULL, '2024-09-30 15:54:48', 'usuario', '2024-09-30 15:54:48', 'usuario', 22, 3, NULL),
(320, 0, '2024-08-28', NULL, '2024-08-28 08:00:00', '2024-08-28 11:00:00', '2024-08-28 11:30:00', '2024-08-28 13:30:00', NULL, NULL, '2024-09-30 15:54:48', 'usuario', '2024-09-30 15:54:48', 'usuario', 22, 3, NULL),
(321, 0, '2024-08-29', NULL, '2024-08-29 08:00:00', '2024-08-29 11:00:00', '2024-08-29 11:30:00', '2024-08-29 13:30:00', NULL, NULL, '2024-09-30 15:54:48', 'usuario', '2024-09-30 15:54:48', 'usuario', 22, 3, NULL),
(322, 0, '2024-08-30', NULL, '2024-08-30 08:00:00', '2024-08-30 11:00:00', '2024-08-30 11:30:00', '2024-08-30 13:30:00', NULL, NULL, '2024-09-30 15:54:48', 'usuario', '2024-09-30 15:54:48', 'usuario', 22, 3, NULL),
(323, 0, '2024-09-02', NULL, '2024-09-02 08:00:00', '2024-09-02 12:00:00', '2024-09-02 13:00:00', '2024-09-02 17:00:00', NULL, NULL, '2024-09-30 16:03:50', 'usuario', '2024-09-30 16:03:50', 'usuario', 22, 1, NULL),
(324, 0, '2024-09-03', NULL, '2024-09-03 08:00:00', '2024-09-03 12:00:00', '2024-09-03 13:00:00', '2024-09-03 17:00:00', NULL, NULL, '2024-09-30 16:03:50', 'usuario', '2024-09-30 16:03:50', 'usuario', 22, 1, NULL),
(325, 0, '2024-09-04', NULL, '2024-09-04 08:00:00', '2024-09-04 12:00:00', '2024-09-04 13:00:00', '2024-09-04 17:00:00', NULL, NULL, '2024-09-30 16:03:50', 'usuario', '2024-09-30 16:03:50', 'usuario', 22, 1, NULL),
(326, 0, '2024-09-05', NULL, '2024-09-05 08:00:00', '2024-09-05 12:00:00', '2024-09-05 13:00:00', '2024-09-05 17:00:00', NULL, NULL, '2024-09-30 16:03:50', 'usuario', '2024-09-30 16:03:50', 'usuario', 22, 1, NULL),
(327, 0, '2024-09-06', NULL, '2024-09-06 08:00:00', '2024-09-06 12:00:00', '2024-09-06 13:00:00', '2024-09-06 17:00:00', NULL, NULL, '2024-09-30 16:03:50', 'usuario', '2024-09-30 16:03:50', 'usuario', 22, 1, NULL),
(328, 0, '2024-09-09', NULL, '2024-09-09 08:00:00', '2024-09-09 12:00:00', '2024-09-09 13:00:00', '2024-09-09 17:00:00', NULL, NULL, '2024-09-30 16:03:50', 'usuario', '2024-09-30 16:03:50', 'usuario', 22, 1, NULL),
(329, 0, '2024-09-10', NULL, '2024-09-10 08:00:00', '2024-09-10 12:00:00', '2024-09-10 13:00:00', '2024-09-10 17:00:00', NULL, NULL, '2024-09-30 16:03:50', 'usuario', '2024-09-30 16:03:50', 'usuario', 22, 1, NULL),
(330, 0, '2024-09-11', NULL, '2024-09-11 08:00:00', '2024-09-11 12:00:00', '2024-09-11 13:00:00', '2024-09-11 17:00:00', NULL, NULL, '2024-09-30 16:03:50', 'usuario', '2024-09-30 16:03:50', 'usuario', 22, 1, NULL),
(331, 0, '2024-09-12', NULL, '2024-09-12 08:00:00', '2024-09-12 12:00:00', '2024-09-12 13:00:00', '2024-09-12 17:00:00', NULL, NULL, '2024-09-30 16:03:50', 'usuario', '2024-09-30 16:03:50', 'usuario', 22, 1, NULL),
(332, 0, '2024-09-13', NULL, '2024-09-13 08:00:00', '2024-09-13 12:00:00', '2024-09-13 13:00:00', '2024-09-13 17:00:00', NULL, NULL, '2024-09-30 16:03:50', 'usuario', '2024-09-30 16:03:50', 'usuario', 22, 1, NULL),
(333, 0, '2024-09-16', NULL, '2024-09-16 08:00:00', '2024-09-16 12:00:00', '2024-09-16 13:00:00', '2024-09-16 17:00:00', NULL, NULL, '2024-09-30 16:03:50', 'usuario', '2024-09-30 16:03:50', 'usuario', 22, 1, NULL),
(334, 0, '2024-09-17', NULL, '2024-09-17 08:00:00', '2024-09-17 12:00:00', '2024-09-17 13:00:00', '2024-09-17 17:00:00', NULL, NULL, '2024-09-30 16:03:50', 'usuario', '2024-09-30 16:03:50', 'usuario', 22, 1, NULL),
(335, 0, '2024-09-18', NULL, '2024-09-18 08:00:00', '2024-09-18 12:00:00', '2024-09-18 13:00:00', '2024-09-18 17:00:00', NULL, NULL, '2024-09-30 16:03:50', 'usuario', '2024-09-30 16:03:50', 'usuario', 22, 1, NULL),
(336, 0, '2024-09-19', NULL, '2024-09-19 08:00:00', '2024-09-19 12:00:00', '2024-09-19 13:00:00', '2024-09-19 17:00:00', NULL, NULL, '2024-09-30 16:03:50', 'usuario', '2024-09-30 16:03:50', 'usuario', 22, 1, NULL),
(337, 0, '2024-09-20', NULL, '2024-09-20 08:00:00', '2024-09-20 12:00:00', '2024-09-20 13:00:00', '2024-09-20 17:00:00', NULL, NULL, '2024-09-30 16:03:50', 'usuario', '2024-09-30 16:03:50', 'usuario', 22, 1, NULL),
(338, 0, '2024-09-23', NULL, '2024-09-23 08:00:00', '2024-09-23 12:00:00', '2024-09-23 13:00:00', '2024-09-23 17:00:00', NULL, NULL, '2024-09-30 16:03:50', 'usuario', '2024-09-30 16:03:50', 'usuario', 22, 1, NULL),
(339, 0, '2024-09-24', NULL, '2024-09-24 08:00:00', '2024-09-24 12:00:00', '2024-09-24 13:00:00', '2024-09-24 17:00:00', NULL, NULL, '2024-09-30 16:03:50', 'usuario', '2024-09-30 16:03:50', 'usuario', 22, 1, NULL),
(340, 0, '2024-09-25', NULL, '2024-09-25 08:00:00', '2024-09-25 12:00:00', '2024-09-25 13:00:00', '2024-09-25 17:00:00', NULL, NULL, '2024-09-30 16:03:50', 'usuario', '2024-09-30 16:03:50', 'usuario', 22, 1, NULL),
(341, 0, '2024-09-26', NULL, '2024-09-26 08:00:00', '2024-09-26 12:00:00', '2024-09-26 13:00:00', '2024-09-26 17:00:00', NULL, NULL, '2024-09-30 16:03:50', 'usuario', '2024-09-30 16:03:50', 'usuario', 22, 1, NULL),
(342, 0, '2024-09-27', NULL, '2024-09-27 08:00:00', '2024-09-27 12:00:00', '2024-09-27 13:00:00', '2024-09-27 17:00:00', NULL, NULL, '2024-09-30 16:03:50', 'usuario', '2024-09-30 16:03:50', 'usuario', 22, 1, NULL),
(343, 1, '2024-09-30', NULL, '2024-09-30 08:00:00', '2024-09-30 12:00:00', '2024-09-30 13:00:00', '2024-09-30 17:00:00', NULL, NULL, '2024-09-30 16:03:50', 'usuario', '2024-10-18 15:03:18', '', 22, 1, NULL),
(344, 0, '2024-09-02', NULL, '2024-09-02 08:00:00', '2024-09-02 12:00:00', '2024-09-02 13:00:00', '2024-09-02 17:00:00', NULL, NULL, '2024-09-30 16:05:46', 'usuario', '2024-09-30 16:05:46', 'usuario', 21, 1, NULL),
(345, 0, '2024-09-03', NULL, '2024-09-03 08:00:00', '2024-09-03 12:00:00', '2024-09-03 13:00:00', '2024-09-03 17:00:00', NULL, NULL, '2024-09-30 16:05:46', 'usuario', '2024-09-30 16:05:46', 'usuario', 21, 1, NULL),
(346, 0, '2024-09-04', NULL, '2024-09-04 08:00:00', '2024-09-04 12:00:00', '2024-09-04 13:00:00', '2024-09-04 17:00:00', NULL, NULL, '2024-09-30 16:05:46', 'usuario', '2024-09-30 16:05:46', 'usuario', 21, 1, NULL),
(347, 0, '2024-09-05', NULL, '2024-09-05 08:00:00', '2024-09-05 12:00:00', '2024-09-05 13:00:00', '2024-09-05 17:00:00', NULL, NULL, '2024-09-30 16:05:46', 'usuario', '2024-09-30 16:05:46', 'usuario', 21, 1, NULL),
(348, 0, '2024-09-06', NULL, '2024-09-06 08:00:00', '2024-09-06 12:00:00', '2024-09-06 13:00:00', '2024-09-06 17:00:00', NULL, NULL, '2024-09-30 16:05:46', 'usuario', '2024-09-30 16:05:46', 'usuario', 21, 1, NULL),
(349, 0, '2024-09-09', NULL, '2024-09-09 08:00:00', '2024-09-09 12:00:00', '2024-09-09 13:00:00', '2024-09-09 17:00:00', NULL, NULL, '2024-09-30 16:05:46', 'usuario', '2024-09-30 16:05:46', 'usuario', 21, 1, NULL),
(350, 0, '2024-09-10', NULL, '2024-09-10 08:00:00', '2024-09-10 12:00:00', '2024-09-10 13:00:00', '2024-09-10 17:00:00', NULL, NULL, '2024-09-30 16:05:46', 'usuario', '2024-09-30 16:05:46', 'usuario', 21, 1, NULL),
(351, 0, '2024-09-11', NULL, '2024-09-11 08:00:00', '2024-09-11 12:00:00', '2024-09-11 13:00:00', '2024-09-11 17:00:00', NULL, NULL, '2024-09-30 16:05:46', 'usuario', '2024-09-30 16:05:46', 'usuario', 21, 1, NULL),
(352, 0, '2024-09-12', NULL, '2024-09-12 08:00:00', '2024-09-12 12:00:00', '2024-09-12 13:00:00', '2024-09-12 17:00:00', NULL, NULL, '2024-09-30 16:05:46', 'usuario', '2024-09-30 16:05:46', 'usuario', 21, 1, NULL),
(353, 0, '2024-09-13', NULL, '2024-09-13 08:00:00', '2024-09-13 12:00:00', '2024-09-13 13:00:00', '2024-09-13 17:00:00', NULL, NULL, '2024-09-30 16:05:46', 'usuario', '2024-09-30 16:05:46', 'usuario', 21, 1, NULL),
(354, 0, '2024-09-16', NULL, '2024-09-16 08:00:00', '2024-09-16 12:00:00', '2024-09-16 13:00:00', '2024-09-16 17:00:00', NULL, NULL, '2024-09-30 16:05:46', 'usuario', '2024-09-30 16:05:46', 'usuario', 21, 1, NULL),
(355, 0, '2024-09-17', NULL, '2024-09-17 08:00:00', '2024-09-17 12:00:00', '2024-09-17 13:00:00', '2024-09-17 17:00:00', NULL, NULL, '2024-09-30 16:05:46', 'usuario', '2024-09-30 16:05:46', 'usuario', 21, 1, NULL),
(356, 0, '2024-09-18', NULL, '2024-09-18 08:00:00', '2024-09-18 12:00:00', '2024-09-18 13:00:00', '2024-09-18 17:00:00', NULL, NULL, '2024-09-30 16:05:46', 'usuario', '2024-09-30 16:05:46', 'usuario', 21, 1, NULL),
(357, 0, '2024-09-19', NULL, '2024-09-19 08:00:00', '2024-09-19 12:00:00', '2024-09-19 13:00:00', '2024-09-19 17:00:00', NULL, NULL, '2024-09-30 16:05:46', 'usuario', '2024-09-30 16:05:46', 'usuario', 21, 1, NULL),
(358, 0, '2024-09-20', NULL, '2024-09-20 08:00:00', '2024-09-20 12:00:00', '2024-09-20 13:00:00', '2024-09-20 17:00:00', NULL, NULL, '2024-09-30 16:05:46', 'usuario', '2024-09-30 16:05:46', 'usuario', 21, 1, NULL),
(359, 0, '2024-09-23', NULL, '2024-09-23 08:00:00', '2024-09-23 12:00:00', '2024-09-23 13:00:00', '2024-09-23 17:00:00', NULL, NULL, '2024-09-30 16:05:46', 'usuario', '2024-09-30 16:05:46', 'usuario', 21, 1, NULL),
(360, 0, '2024-09-24', NULL, '2024-09-24 08:00:00', '2024-09-24 12:00:00', '2024-09-24 13:00:00', '2024-09-24 17:00:00', NULL, NULL, '2024-09-30 16:05:46', 'usuario', '2024-09-30 16:05:46', 'usuario', 21, 1, NULL),
(361, 0, '2024-09-25', NULL, '2024-09-25 08:00:00', '2024-09-25 12:00:00', '2024-09-25 13:00:00', '2024-09-25 17:00:00', NULL, NULL, '2024-09-30 16:05:46', 'usuario', '2024-09-30 16:05:46', 'usuario', 21, 1, NULL),
(362, 0, '2024-09-26', NULL, '2024-09-26 08:00:00', '2024-09-26 12:00:00', '2024-09-26 13:00:00', '2024-09-26 17:00:00', NULL, NULL, '2024-09-30 16:05:46', 'usuario', '2024-09-30 16:05:46', 'usuario', 21, 1, NULL),
(363, 0, '2024-09-27', NULL, '2024-09-27 08:00:00', '2024-09-27 12:00:00', '2024-09-27 13:00:00', '2024-09-27 17:00:00', NULL, NULL, '2024-09-30 16:05:46', 'usuario', '2024-09-30 16:05:46', 'usuario', 21, 1, NULL),
(364, 0, '2024-09-30', NULL, '2024-09-30 08:00:00', '2024-09-30 12:00:00', '2024-09-30 13:00:00', '2024-09-30 17:00:00', NULL, NULL, '2024-09-30 16:05:46', 'usuario', '2024-09-30 16:05:46', 'usuario', 21, 1, NULL),
(369, 1, '2024-10-03', NULL, '2024-10-03 08:00:00', NULL, NULL, NULL, NULL, NULL, '2024-10-01 13:46:41', 'usuario', '2024-10-18 15:04:30', '', 17, 2, NULL),
(373, 1, '2024-10-01', NULL, '2024-10-01 08:00:00', '2024-10-01 10:00:00', '2024-10-01 10:30:00', NULL, NULL, NULL, '2024-10-01 16:04:39', '2016105444', '2024-10-18 15:03:59', '', 17, 2, NULL),
(374, 1, '2024-10-02', NULL, '2024-10-02 08:00:00', '2024-10-02 10:00:00', NULL, NULL, NULL, NULL, '2024-10-02 14:17:18', '2016105444', '2024-10-18 15:03:54', '', 17, 2, NULL),
(376, 1, '2024-10-04', NULL, '2024-10-04 15:10:18', '2024-10-04 15:11:37', '2024-10-04 15:11:58', '2024-10-04 15:12:08', NULL, NULL, '2024-10-04 15:10:18', '2016105444', '2024-10-18 15:03:35', '', 17, 2, NULL),
(377, 1, '2024-10-10', NULL, '2024-10-10 08:00:00', '2024-10-10 12:00:00', '2024-10-10 13:00:00', '2024-10-10 18:00:00', NULL, NULL, '2024-10-10 16:48:07', '2016105444', '2024-10-18 15:02:42', '', 17, 2, NULL);

-- --------------------------------------------------------

--
-- Estrutura para tabela `setor`
--

CREATE TABLE `setor` (
  `id_setor` int(11) NOT NULL,
  `nome_setor` varchar(255) NOT NULL,
  `nome_curso` varchar(255) NOT NULL,
  `cod_curso` int(11) NOT NULL,
  `token_qrcode` varchar(30) DEFAULT NULL,
  `data_expiracao_token` datetime DEFAULT NULL,
  `criado_em` datetime NOT NULL,
  `criado_por` varchar(255) NOT NULL,
  `editado_em` datetime NOT NULL,
  `editado_por` varchar(255) NOT NULL,
  `id_supervisor` int(11) DEFAULT NULL
) ENGINE=InnoDB DEFAULT CHARSET=utf8mb4 COLLATE=utf8mb4_general_ci;

--
-- Despejando dados para a tabela `setor`
--

INSERT INTO `setor` (`id_setor`, `nome_setor`, `nome_curso`, `cod_curso`, `token_qrcode`, `data_expiracao_token`, `criado_em`, `criado_por`, `editado_em`, `editado_por`, `id_supervisor`) VALUES
(1, 'Clínica Cirúrgica', 'Medicina Veterinária', 1016, '66e85ee05e4e8', '2024-10-30 14:02:00', '2024-09-16 18:42:37', 'Teste', '2024-09-16 18:42:37', 'Teste', 0),
(2, 'Animais de Grande Porte', 'Medicina Veterinária', 1016, '66e85ee05e4e8', '2024-10-30 14:02:00', '2024-09-16 18:42:37', 'Teste', '2024-09-16 18:42:37', 'Teste', 0),
(3, 'Ambulatório', 'Medicina Veterinária', 1016, '66e85ee05e4e8', '2024-10-30 14:02:00', '2024-09-16 18:42:37', 'Teste', '2024-09-16 18:42:37', 'Teste', 0);

-- --------------------------------------------------------

--
-- Estrutura para tabela `supervisor`
--

CREATE TABLE `supervisor` (
  `id_supervisor` int(11) NOT NULL,
  `usuario_supervisor` varchar(20) NOT NULL,
  `nome_supervisor` varchar(255) NOT NULL,
  `cod_curso` int(11) NOT NULL,
  `nome_curso` varchar(255) NOT NULL,
  `criado_em` datetime NOT NULL,
  `criado_por` varchar(255) NOT NULL,
  `editado_em` datetime NOT NULL,
  `editado_por` varchar(255) NOT NULL,
  `id_setor` int(11) DEFAULT NULL
) ENGINE=InnoDB DEFAULT CHARSET=utf8mb4 COLLATE=utf8mb4_general_ci;

--
-- Despejando dados para a tabela `supervisor`
--

INSERT INTO `supervisor` (`id_supervisor`, `usuario_supervisor`, `nome_supervisor`, `cod_curso`, `nome_curso`, `criado_em`, `criado_por`, `editado_em`, `editado_por`, `id_setor`) VALUES
(1, 'jonatas', 'Jonatas Candido Rodrigues', 1016, 'MEDICINA VETERINÁRIA', '2024-10-09 18:24:59', '', '2024-10-09 18:24:59', '', 2),
(2, 'cristiano', 'Cristiano Táles Fonseca', 1016, 'MEDICINA VETERINÁRIA', '2024-10-09 18:24:59', '', '2024-10-09 18:24:59', '', 1),
(3, 'emiliano', 'Emiliano Aldo de Correia Filho', 1016, 'MEDICINA VETERINÁRIA', '2024-10-09 18:24:59', '', '2024-10-09 18:24:59', '', 3),
(4, 'artur', 'Artur Bruno de Santiago Sobrinho', 1016, 'MEDICINA VETERINÁRIA', '2024-10-09 18:24:59', '', '2024-10-09 18:24:59', '', 0);

-- --------------------------------------------------------

--
-- Estrutura para tabela `turno`
--

CREATE TABLE `turno` (
  `id_turno` int(11) NOT NULL,
  `nome_turno` varchar(20) NOT NULL,
  `data_inicio` datetime NOT NULL,
  `data_fim` datetime NOT NULL,
  `criado_em` datetime NOT NULL,
  `criado_por` varchar(255) NOT NULL,
  `editado_em` datetime NOT NULL,
  `editado_por` varchar(255) NOT NULL
) ENGINE=InnoDB DEFAULT CHARSET=utf8mb4 COLLATE=utf8mb4_general_ci;

--
-- Despejando dados para a tabela `turno`
--

INSERT INTO `turno` (`id_turno`, `nome_turno`, `data_inicio`, `data_fim`, `criado_em`, `criado_por`, `editado_em`, `editado_por`) VALUES
(1, 'Manhã', '2024-10-04 08:00:00', '2024-10-04 12:00:00', '2024-10-04 21:05:03', '', '2024-10-04 21:05:03', ''),
(2, 'Tarde', '2024-10-04 13:00:00', '2024-10-04 17:00:00', '2024-10-04 21:05:03', '', '2024-10-04 21:05:03', ''),
(3, 'Noite', '2024-10-04 18:00:00', '2024-10-04 22:00:00', '2024-10-04 21:08:34', '', '2024-10-04 21:08:34', '');

--
-- Índices para tabelas despejadas
--

--
-- Índices de tabela `aluno`
--
ALTER TABLE `aluno`
  ADD PRIMARY KEY (`id_aluno`),
  ADD UNIQUE KEY `matricula_aluno` (`matricula_aluno`,`cod_curso`,`periodo_letivo`);

--
-- Índices de tabela `aluno_turno`
--
ALTER TABLE `aluno_turno`
  ADD PRIMARY KEY (`id_aluno_turno`);

--
-- Índices de tabela `coordenador`
--
ALTER TABLE `coordenador`
  ADD PRIMARY KEY (`id_coordenador`);

--
-- Índices de tabela `registro_frequencia`
--
ALTER TABLE `registro_frequencia`
  ADD PRIMARY KEY (`id_registro`),
  ADD UNIQUE KEY `data_referencia` (`data_referencia`,`id_aluno`,`id_setor`);

--
-- Índices de tabela `setor`
--
ALTER TABLE `setor`
  ADD PRIMARY KEY (`id_setor`),
  ADD UNIQUE KEY `nome_setor` (`nome_setor`,`cod_curso`);

--
-- Índices de tabela `supervisor`
--
ALTER TABLE `supervisor`
  ADD PRIMARY KEY (`id_supervisor`),
  ADD UNIQUE KEY `cod_curso` (`cod_curso`,`id_setor`),
  ADD UNIQUE KEY `cod_curso_2` (`cod_curso`,`id_setor`),
  ADD UNIQUE KEY `usuario_supervisor` (`usuario_supervisor`,`cod_curso`,`id_setor`);

--
-- Índices de tabela `turno`
--
ALTER TABLE `turno`
  ADD PRIMARY KEY (`id_turno`);

--
-- AUTO_INCREMENT para tabelas despejadas
--

--
-- AUTO_INCREMENT de tabela `aluno`
--
ALTER TABLE `aluno`
  MODIFY `id_aluno` int(11) NOT NULL AUTO_INCREMENT, AUTO_INCREMENT=23;

--
-- AUTO_INCREMENT de tabela `aluno_turno`
--
ALTER TABLE `aluno_turno`
  MODIFY `id_aluno_turno` int(11) NOT NULL AUTO_INCREMENT, AUTO_INCREMENT=5;

--
-- AUTO_INCREMENT de tabela `coordenador`
--
ALTER TABLE `coordenador`
  MODIFY `id_coordenador` int(11) NOT NULL AUTO_INCREMENT;

--
-- AUTO_INCREMENT de tabela `registro_frequencia`
--
ALTER TABLE `registro_frequencia`
  MODIFY `id_registro` int(11) NOT NULL AUTO_INCREMENT, AUTO_INCREMENT=379;

--
-- AUTO_INCREMENT de tabela `setor`
--
ALTER TABLE `setor`
  MODIFY `id_setor` int(11) NOT NULL AUTO_INCREMENT, AUTO_INCREMENT=5;

--
-- AUTO_INCREMENT de tabela `supervisor`
--
ALTER TABLE `supervisor`
  MODIFY `id_supervisor` int(11) NOT NULL AUTO_INCREMENT, AUTO_INCREMENT=5;

--
-- AUTO_INCREMENT de tabela `turno`
--
ALTER TABLE `turno`
  MODIFY `id_turno` int(11) NOT NULL AUTO_INCREMENT, AUTO_INCREMENT=4;
COMMIT;

/*!40101 SET CHARACTER_SET_CLIENT=@OLD_CHARACTER_SET_CLIENT */;
/*!40101 SET CHARACTER_SET_RESULTS=@OLD_CHARACTER_SET_RESULTS */;
/*!40101 SET COLLATION_CONNECTION=@OLD_COLLATION_CONNECTION */;
